-- phpMyAdmin SQL Dump
-- version 4.6.0
-- http://www.phpmyadmin.net
--
-- Client :  localhost
-- Généré le :  Jeu 19 Janvier 2017 à 03:23
-- Version du serveur :  5.7.11
-- Version de PHP :  7.0.0

SET SQL_MODE = "NO_AUTO_VALUE_ON_ZERO";
SET time_zone = "+00:00";


/*!40101 SET @OLD_CHARACTER_SET_CLIENT=@@CHARACTER_SET_CLIENT */;
/*!40101 SET @OLD_CHARACTER_SET_RESULTS=@@CHARACTER_SET_RESULTS */;
/*!40101 SET @OLD_COLLATION_CONNECTION=@@COLLATION_CONNECTION */;
/*!40101 SET NAMES utf8mb4 */;

--
-- Base de données :  `matcha`
--

-- --------------------------------------------------------
INSERT INTO `tag` (`id`, `name`) VALUES
(31, 'android'),
(32, 'apple'),
(16, 'beyonce'),
(1, 'books'),
(20, 'breakfastinbed'),
(17, 'breakingbad'),
(21, 'coffee'),
(4, 'cooking'),
(10, 'coucou'),
(35, 'emacs'),
(26, 'ericclapton'),
(5, 'football'),
(13, 'freefight'),
(25, 'freetibet'),
(28, 'gamesofthrones'),
(36, 'ham'),
(7, 'hockey'),
(9, 'iknowhtml'),
(37, 'jam'),
(15, 'jazz'),
(24, 'jfk'),
(40, 'justinbieber'),
(39, 'lolipop'),
(19, 'movies'),
(29, 'mozart'),
(23, 'muffin'),
(33, 'nokia'),
(14, 'orchestra'),
(30, 'picasso'),
(38, 'raggamuffin'),
(2, 'running'),
(8, 'smackdown'),
(12, 'sql'),
(22, 'tabaco'),
(11, 'test'),
(18, 'TV'),
(27, 'twoandahalfman'),
(34, 'vim'),
(6, 'volleyball'),
(3, 'worldofwarcraft'),
(41, 'danse'),
(42, 'gueuler'),
(43, 'manga'),
(44, 'serie-us');

-- --------------------------------------------------------


INSERT INTO `user` (`id`, `email`, `username`, `firstname`, `lastname`, `password`, `token`, `age`, `gender`, `attraction`, `bio`, `longitude`, `latitude`, `postal_code`, `country`, `locality`, `popularity`, `lastactivity`, `isconnected`) VALUES
(1, 'téo.joly@example.com', 'brownwolf944', 'téo', 'joly', "$2y$10$RBQYMg6gls1Y562bMOyUFeX8KufShQLAKgIaheuqOu0Vg3ECHyGJ2","toto", 42, 'male', 'heterosexual', NULL, -0.370637, 49.1813, '14000', 'FRANCE', 'caen', 0, '2017-01-16 18:04:20', 1),
(2, 'adam.arnaud@example.com', 'goldendog943', 'adam', 'arnaud', "$2y$10$RBQYMg6gls1Y562bMOyUFeX8KufShQLAKgIaheuqOu0Vg3ECHyGJ2","toto", 122, 'male', 'heterosexual', NULL, 6.02007, 47.2422, '25000', 'FRANCE', 'besançon', 0, '2017-01-16 18:04:20', 1),
(3, 'apolline.chevalier@example.com', 'purplebutterfly622', 'apolline', 'chevalier', "$2y$10$RBQYMg6gls1Y562bMOyUFeX8KufShQLAKgIaheuqOu0Vg3ECHyGJ2","toto", 19, 'female', 'heterosexual', NULL, -1.68163, 48.1138, '35700', 'FRANCE', 'rennes', 0, '2017-01-16 18:04:20', 1),
(4, 'lyam.joly@example.com', 'beautifuldog800', 'lyam', 'joly', "$2y$10$RBQYMg6gls1Y562bMOyUFeX8KufShQLAKgIaheuqOu0Vg3ECHyGJ2","toto", 99, 'male', 'bisexual', NULL, -1.55446, 47.2164, '44300', 'FRANCE', 'nantes', 0, '2017-01-16 18:04:20', 1),
(5, 'marilou.brunet@example.com', 'heavybird144', 'marilou', 'brunet', "$2y$10$RBQYMg6gls1Y562bMOyUFeX8KufShQLAKgIaheuqOu0Vg3ECHyGJ2","toto", 88, 'female', 'bisexual', NULL, 7.33802, 47.7485, '68100', 'FRANCE', 'mulhouse', 0, '2017-01-16 18:04:20', 1),
(6, 'lisa.picard@example.com', 'ticklishlion827', 'lisa', 'picard', "$2y$10$RBQYMg6gls1Y562bMOyUFeX8KufShQLAKgIaheuqOu0Vg3ECHyGJ2","toto", 113, 'female', 'homosexual', NULL, 4.87866, 45.7658, '69100', 'FRANCE', 'villeurbanne', 0, '2017-01-16 18:04:20', 1),
(7, 'lenny.henry@example.com', 'ticklishfish913', 'lenny', 'henry', "$2y$10$RBQYMg6gls1Y562bMOyUFeX8KufShQLAKgIaheuqOu0Vg3ECHyGJ2","toto", 62, 'male', 'heterosexual', NULL, 1.26077, 45.8338, '87000', 'FRANCE', 'limoges', 0, '2017-01-16 18:04:20', 1),
(8, 'mélody.mathieu@example.com', 'heavybutterfly566', 'mélody', 'mathieu', "$2y$10$RBQYMg6gls1Y562bMOyUFeX8KufShQLAKgIaheuqOu0Vg3ECHyGJ2","toto", 59, 'female', 'heterosexual', NULL, -0.579717, 44.8377, '33800', 'FRANCE', 'bordeaux', 0, '2017-01-16 18:04:20', 1),
(9, 'valentina.arnaud@example.com', 'goldenfrog751', 'valentina', 'arnaud', "$2y$10$RBQYMg6gls1Y562bMOyUFeX8KufShQLAKgIaheuqOu0Vg3ECHyGJ2","toto", 130, 'female', 'homosexual', NULL, 2.24636, 48.9474, '95100', 'FRANCE', 'argenteuil', 0, '2017-01-16 18:04:20', 1),
(10, 'julien.henry@example.com', 'orangegoose816', 'julien', 'henry', "$2y$10$RBQYMg6gls1Y562bMOyUFeX8KufShQLAKgIaheuqOu0Vg3ECHyGJ2","toto", 52, 'male', 'heterosexual', NULL, 5.44502, 43.5276, '13100', 'FRANCE', 'aix-en-provence', 0, '2017-01-16 18:04:20', 1),
(11, 'elsa.leclerc@example.com', 'yellowpanda152', 'elsa', 'leclerc', "$2y$10$RBQYMg6gls1Y562bMOyUFeX8KufShQLAKgIaheuqOu0Vg3ECHyGJ2","toto", 35, 'female', 'heterosexual', NULL, 6.02007, 47.2422, '25000', 'FRANCE', 'besançon', 0, '2017-01-16 18:04:20', 1),
(12, 'célestin.dubois@example.com', 'greenleopard706', 'célestin', 'dubois', "$2y$10$RBQYMg6gls1Y562bMOyUFeX8KufShQLAKgIaheuqOu0Vg3ECHyGJ2","toto", 86, 'male', 'bisexual', NULL, 3.05644, 50.6316, '59260', 'FRANCE', 'lille', 0, '2017-01-16 18:04:20', 1),
(13, 'méline.fournier@example.com', 'crazylion186', 'méline', 'fournier', "$2y$10$RBQYMg6gls1Y562bMOyUFeX8KufShQLAKgIaheuqOu0Vg3ECHyGJ2","toto", 63, 'female', 'bisexual', NULL, 0.334224, 46.5797, '86000', 'FRANCE', 'poitiers', 0, '2017-01-16 18:04:20', 1),
(14, 'enzo.girard@example.com', 'organicbear514', 'enzo', 'girard', "$2y$10$RBQYMg6gls1Y562bMOyUFeX8KufShQLAKgIaheuqOu0Vg3ECHyGJ2","toto", 132, 'male', 'heterosexual', NULL, -0.579717, 44.8377, '33800', 'FRANCE', 'bordeaux', 0, '2017-01-16 18:04:20', 1),
(15, 'laura.colin@example.com', 'lazypeacock162', 'laura', 'colin', "$2y$10$RBQYMg6gls1Y562bMOyUFeX8KufShQLAKgIaheuqOu0Vg3ECHyGJ2","toto", 56, 'female', 'bisexual', NULL, 2.37552, 51.0373, '59140', 'FRANCE', 'dunkerque', 0, '2017-01-16 18:04:20', 1),
(16, 'rafael.lacroix@example.com', 'tinygoose864', 'rafael', 'lacroix', "$2y$10$RBQYMg6gls1Y562bMOyUFeX8KufShQLAKgIaheuqOu0Vg3ECHyGJ2","toto", 62, 'male', 'bisexual', NULL, 4.87866, 45.7658, '69100', 'FRANCE', 'villeurbanne', 0, '2017-01-16 18:04:20', 1),
(17, 'eliott.louis@example.com', 'organicgorilla984', 'eliott', 'louis', "$2y$10$RBQYMg6gls1Y562bMOyUFeX8KufShQLAKgIaheuqOu0Vg3ECHyGJ2","toto", 65, 'male', 'bisexual', NULL, 3.05644, 50.6316, '59260', 'FRANCE', 'lille', 0, '2017-01-16 18:04:20', 1),
(18, 'thiago.vidal@example.com', 'silverkoala345', 'thiago', 'vidal', "$2y$10$RBQYMg6gls1Y562bMOyUFeX8KufShQLAKgIaheuqOu0Vg3ECHyGJ2","toto", 91, 'male', 'bisexual', NULL, 5.93047, 43.124, '83100', 'FRANCE', 'toulon', 0, '2017-01-16 18:04:20', 1),
(19, 'naël.masson@example.com', 'whitebear149', 'naël', 'masson', "$2y$10$RBQYMg6gls1Y562bMOyUFeX8KufShQLAKgIaheuqOu0Vg3ECHyGJ2","toto", 52, 'male', 'bisexual', NULL, 2.24636, 48.9474, '95100', 'FRANCE', 'argenteuil', 0, '2017-01-16 18:04:20', 1),
(20, 'amelia.renard@example.com', 'crazymouse555', 'amelia', 'renard', "$2y$10$RBQYMg6gls1Y562bMOyUFeX8KufShQLAKgIaheuqOu0Vg3ECHyGJ2","toto", 105, 'female', 'heterosexual', NULL, -1.55446, 47.2164, '44300', 'FRANCE', 'nantes', 0, '2017-01-16 18:04:20', 1),
(21, 'sohan.morel@example.com', 'orangefish839', 'sohan', 'morel', "$2y$10$RBQYMg6gls1Y562bMOyUFeX8KufShQLAKgIaheuqOu0Vg3ECHyGJ2","toto", 137, 'male', 'homosexual', NULL, 0.687758, 47.3918, '37200', 'FRANCE', 'tours', 0, '2017-01-16 18:04:20', 1),
(22, 'elisa.lacroix@example.com', 'yellowkoala167', 'elisa', 'lacroix', "$2y$10$RBQYMg6gls1Y562bMOyUFeX8KufShQLAKgIaheuqOu0Vg3ECHyGJ2","toto", 74, 'female', 'bisexual', NULL, 1.90384, 47.902, '45100', 'FRANCE', 'orléans', 0, '2017-01-16 18:04:20', 1),
(23, 'auguste.leroy@example.com', 'crazyfrog234', 'auguste', 'leroy', "$2y$10$RBQYMg6gls1Y562bMOyUFeX8KufShQLAKgIaheuqOu0Vg3ECHyGJ2","toto", 55, 'male', 'bisexual', NULL, -4.48781, 48.3897, '29200', 'FRANCE', 'brest', 0, '2017-01-16 18:04:20', 1),
(24, 'antonin.riviere@example.com', 'silverbear617', 'antonin', 'riviere', "$2y$10$RBQYMg6gls1Y562bMOyUFeX8KufShQLAKgIaheuqOu0Vg3ECHyGJ2","toto", 37, 'male', 'heterosexual', NULL, 0.687758, 47.3918, '37200', 'FRANCE', 'tours', 0, '2017-01-16 18:04:20', 1),
(25, 'mélissa.giraud@example.com', 'crazyrabbit448', 'mélissa', 'giraud', "$2y$10$RBQYMg6gls1Y562bMOyUFeX8KufShQLAKgIaheuqOu0Vg3ECHyGJ2","toto", 88, 'female', 'homosexual', NULL, 5.3821768, 43.300771, '13001', 'FRANCE', 'marseille', 0, '2017-01-16 18:04:20', 1),
(26, 'estéban.meyer@example.com', 'lazyostrich334', 'estéban', 'meyer', "$2y$10$RBQYMg6gls1Y562bMOyUFeX8KufShQLAKgIaheuqOu0Vg3ECHyGJ2","toto", 89, 'male', 'heterosexual', NULL, 0.334224, 46.5797, '86000', 'FRANCE', 'poitiers', 0, '2017-01-16 18:04:20', 1),
(27, 'dorian.lefebvre@example.com', 'redrabbit647', 'dorian', 'lefebvre', "$2y$10$RBQYMg6gls1Y562bMOyUFeX8KufShQLAKgIaheuqOu0Vg3ECHyGJ2","toto", 133, 'male', 'heterosexual', NULL, 4.87866, 45.7658, '69100', 'FRANCE', 'villeurbanne', 0, '2017-01-16 18:04:20', 1),
(28, 'elliot.blanc@example.com', 'organicfish918', 'elliot', 'blanc', "$2y$10$RBQYMg6gls1Y562bMOyUFeX8KufShQLAKgIaheuqOu0Vg3ECHyGJ2","toto", 62, 'male', 'homosexual', NULL, 4.8280831, 45.7712918, '69001', 'FRANCE', 'lyon', 0, '2017-01-16 18:04:20', 1),
(29, 'aurore.rey@example.com', 'yellowkoala448', 'aurore', 'rey', "$2y$10$RBQYMg6gls1Y562bMOyUFeX8KufShQLAKgIaheuqOu0Vg3ECHyGJ2","toto", 26, 'female', 'bisexual', NULL, 1.76383, 50.4629, '62170', 'FRANCE', 'montreuil', 0, '2017-01-16 18:04:20', 1),
(30, 'rémi.rey@example.com', 'orangegorilla364', 'rémi', 'rey', "$2y$10$RBQYMg6gls1Y562bMOyUFeX8KufShQLAKgIaheuqOu0Vg3ECHyGJ2","toto", 106, 'male', 'heterosexual', NULL, 2.13405, 48.8045, '78000', 'FRANCE', 'versailles', 0, '2017-01-16 18:04:20', 1),
(31, 'léandro.michel@example.com', 'blueladybug148', 'léandro', 'michel', "$2y$10$RBQYMg6gls1Y562bMOyUFeX8KufShQLAKgIaheuqOu0Vg3ECHyGJ2","toto", 94, 'male', 'homosexual', NULL, -0.370637, 49.1813, '14000', 'FRANCE', 'caen', 0, '2017-01-16 18:04:20', 1),
(32, 'auguste.leclerc@example.com', 'orangemouse364', 'auguste', 'leclerc', "$2y$10$RBQYMg6gls1Y562bMOyUFeX8KufShQLAKgIaheuqOu0Vg3ECHyGJ2","toto", 116, 'male', 'bisexual', NULL, -0.556585, 47.4721, '49100', 'FRANCE', 'angers', 0, '2017-01-16 18:04:20', 1),
(33, 'louis.gauthier@example.com', 'tinypeacock365', 'louis', 'gauthier', "$2y$10$RBQYMg6gls1Y562bMOyUFeX8KufShQLAKgIaheuqOu0Vg3ECHyGJ2","toto", 104, 'male', 'bisexual', NULL, 2.38197, 48.9104, '93300', 'FRANCE', 'aubervilliers', 0, '2017-01-16 18:04:20', 1),
(34, 'marius.lacroix@example.com', 'biggorilla619', 'marius', 'lacroix', "$2y$10$RBQYMg6gls1Y562bMOyUFeX8KufShQLAKgIaheuqOu0Vg3ECHyGJ2","toto", 25, 'male', 'homosexual', NULL, 2.13405, 48.8045, '78000', 'FRANCE', 'versailles', 0, '2017-01-16 18:04:20', 1),
(35, 'maxence.roussel@example.com', 'organicladybug331', 'maxence', 'roussel', "$2y$10$RBQYMg6gls1Y562bMOyUFeX8KufShQLAKgIaheuqOu0Vg3ECHyGJ2","toto", 40, 'male', 'homosexual', NULL, 2.24636, 48.9474, '95100', 'FRANCE', 'argenteuil', 0, '2017-01-16 18:04:20', 1),
(36, 'marion.colin@example.com', 'tinypanda700', 'marion', 'colin', "$2y$10$RBQYMg6gls1Y562bMOyUFeX8KufShQLAKgIaheuqOu0Vg3ECHyGJ2","toto", 121, 'female', 'homosexual', NULL, 2.39159, 48.7872, '94400', 'FRANCE', 'vitry-sur-seine', 0, '2017-01-16 18:04:20', 1),
(37, 'elliot.lemoine@example.com', 'heavydog518', 'elliot', 'lemoine', "$2y$10$RBQYMg6gls1Y562bMOyUFeX8KufShQLAKgIaheuqOu0Vg3ECHyGJ2","toto", 53, 'male', 'homosexual', NULL, 5.3599355, 43.3174701, '13002', 'FRANCE', 'marseille', 0, '2017-01-16 18:04:20', 1),
(38, 'lucy.marchand@example.com', 'goldenlion477', 'lucy', 'marchand', "$2y$10$RBQYMg6gls1Y562bMOyUFeX8KufShQLAKgIaheuqOu0Vg3ECHyGJ2","toto", 106, 'female', 'bisexual', NULL, 4.02751, 49.2646, '51100', 'FRANCE', 'reims', 0, '2017-01-16 18:04:20', 1),
(39, 'morgan.francois@example.com', 'brownswan518', 'morgan', 'francois', "$2y$10$RBQYMg6gls1Y562bMOyUFeX8KufShQLAKgIaheuqOu0Vg3ECHyGJ2","toto", 124, 'male', 'bisexual', NULL, 4.87866, 45.7658, '69100', 'FRANCE', 'villeurbanne', 0, '2017-01-16 18:04:20', 1),
(40, 'mylan.richard@example.com', 'yellowkoala857', 'mylan', 'richard', "$2y$10$RBQYMg6gls1Y562bMOyUFeX8KufShQLAKgIaheuqOu0Vg3ECHyGJ2","toto", 34, 'male', 'bisexual', NULL, -0.370637, 49.1813, '14000', 'FRANCE', 'caen', 0, '2017-01-16 18:04:20', 1),
(41, 'mathilde.gauthier@example.com', 'blackkoala371', 'mathilde', 'gauthier', "$2y$10$RBQYMg6gls1Y562bMOyUFeX8KufShQLAKgIaheuqOu0Vg3ECHyGJ2","toto", 24, 'female', 'bisexual', NULL, 0.195522, 48.0033, '72100', 'FRANCE', 'le mans', 0, '2017-01-16 18:04:20', 1),
(42, 'agathe.durand@example.com', 'whitetiger419', 'agathe', 'durand', "$2y$10$RBQYMg6gls1Y562bMOyUFeX8KufShQLAKgIaheuqOu0Vg3ECHyGJ2","toto", 37, 'female', 'homosexual', NULL, 1.76383, 50.4629, '62170', 'FRANCE', 'montreuil', 0, '2017-01-16 18:04:20', 1),
(43, 'naël.carpentier@example.com', 'whiteduck494', 'naël', 'carpentier', "$2y$10$RBQYMg6gls1Y562bMOyUFeX8KufShQLAKgIaheuqOu0Vg3ECHyGJ2","toto", 35, 'male', 'homosexual', NULL, 5.380868299999999, 43.31167139999999, '13003', 'FRANCE', 'marseille', 0, '2017-01-16 18:04:20', 1),
(44, 'ewen.rey@example.com', 'brownpanda619', 'ewen', 'rey', "$2y$10$RBQYMg6gls1Y562bMOyUFeX8KufShQLAKgIaheuqOu0Vg3ECHyGJ2","toto", 131, 'male', 'homosexual', NULL, 4.8280831, 45.7712918, '69001', 'FRANCE', 'lyon', 0, '2017-01-16 18:04:20', 1),
(45, 'alice.fontai@example.com', 'bigcat551', 'alice', 'fontai', "$2y$10$RBQYMg6gls1Y562bMOyUFeX8KufShQLAKgIaheuqOu0Vg3ECHyGJ2","toto", 45, 'female', 'bisexual', NULL, 3.1794, 50.6889, '59100', 'FRANCE', 'roubaix', 0, '2017-01-16 18:04:20', 1),
(46, 'elio.nicolas@example.com', 'heavydog850', 'elio', 'nicolas', "$2y$10$RBQYMg6gls1Y562bMOyUFeX8KufShQLAKgIaheuqOu0Vg3ECHyGJ2","toto", 76, 'male', 'heterosexual', NULL, 6.17603, 49.1191, '57050', 'FRANCE', 'metz', 0, '2017-01-16 18:04:20', 1),
(47, 'amandine.martinez@example.com', 'blueduck999', 'amandine', 'martinez', "$2y$10$RBQYMg6gls1Y562bMOyUFeX8KufShQLAKgIaheuqOu0Vg3ECHyGJ2","toto", 107, 'female', 'heterosexual', NULL, 2.28509, 48.9108, '92600', 'FRANCE', 'asnières-sur-seine', 0, '2017-01-16 18:04:20', 1),
(48, 'tom.francois@example.com', 'whitebear559', 'tom', 'francois', "$2y$10$RBQYMg6gls1Y562bMOyUFeX8KufShQLAKgIaheuqOu0Vg3ECHyGJ2","toto", 73, 'male', 'homosexual', NULL, 0.687758, 47.3918, '37200', 'FRANCE', 'tours', 0, '2017-01-16 18:04:20', 1),
(49, 'livia.louis@example.com', 'bigsnake860', 'livia', 'louis', "$2y$10$RBQYMg6gls1Y562bMOyUFeX8KufShQLAKgIaheuqOu0Vg3ECHyGJ2","toto", 133, 'female', 'homosexual', NULL, 3.08623, 45.7796, '63100', 'FRANCE', 'clermont-ferrand', 0, '2017-01-16 18:04:20', 1),
(50, 'flavie.adam@example.com', 'silverostrich826', 'flavie', 'adam', "$2y$10$RBQYMg6gls1Y562bMOyUFeX8KufShQLAKgIaheuqOu0Vg3ECHyGJ2","toto", 21, 'female', 'heterosexual', NULL, 2.24118, 48.8349, '92100', 'FRANCE', 'boulogne-billancourt', 0, '2017-01-16 18:04:20', 1),
(51, 'norah.masson@example.com', 'crazyfish246', 'norah', 'masson', "$2y$10$RBQYMg6gls1Y562bMOyUFeX8KufShQLAKgIaheuqOu0Vg3ECHyGJ2","toto", 91, 'female', 'bisexual', NULL, 1.90384, 47.902, '45100', 'FRANCE', 'orléans', 0, '2017-01-16 18:04:20', 1),
(52, 'estéban.petit@example.com', 'organictiger130', 'estéban', 'petit', "$2y$10$RBQYMg6gls1Y562bMOyUFeX8KufShQLAKgIaheuqOu0Vg3ECHyGJ2","toto", 77, 'male', 'homosexual', NULL, 2.25217, 48.9231, '92700', 'FRANCE', 'colombes', 0, '2017-01-16 18:04:20', 1),
(53, 'lila.lefebvre@example.com', 'heavylion151', 'lila', 'lefebvre', "$2y$10$RBQYMg6gls1Y562bMOyUFeX8KufShQLAKgIaheuqOu0Vg3ECHyGJ2","toto", 34, 'female', 'heterosexual', NULL, 2.24636, 48.9474, '95100', 'FRANCE', 'argenteuil', 0, '2017-01-16 18:04:20', 1),
(54, 'morgane.joly@example.com', 'beautifulfish765', 'morgane', 'joly', "$2y$10$RBQYMg6gls1Y562bMOyUFeX8KufShQLAKgIaheuqOu0Vg3ECHyGJ2","toto", 85, 'female', 'homosexual', NULL, 2.89395, 42.6971, '66100', 'FRANCE', 'perpignan', 0, '2017-01-16 18:04:20', 1),
(55, 'charlie.renaud@example.com', 'blackbutterfly283', 'charlie', 'renaud', "$2y$10$RBQYMg6gls1Y562bMOyUFeX8KufShQLAKgIaheuqOu0Vg3ECHyGJ2","toto", 73, 'male', 'heterosexual', NULL, -0.370637, 49.1813, '14000', 'FRANCE', 'caen', 0, '2017-01-16 18:04:20', 1),
(56, 'eliot.picard@example.com', 'bigduck443', 'eliot', 'picard', "$2y$10$RBQYMg6gls1Y562bMOyUFeX8KufShQLAKgIaheuqOu0Vg3ECHyGJ2","toto", 44, 'male', 'bisexual', NULL, 3.87552, 43.611, '34080', 'FRANCE', 'montpellier', 0, '2017-01-16 18:04:20', 1),
(57, 'aurore.david2@example.com', 'yellowcat847', 'aurore', 'david', "$2y$10$RBQYMg6gls1Y562bMOyUFeX8KufShQLAKgIaheuqOu0Vg3ECHyGJ2","toto", 131, 'female', 'heterosexual', NULL, 5.93047, 43.124, '83100', 'FRANCE', 'toulon', 0, '2017-01-16 18:04:20', 1),
(58, 'anatole.girard@example.com', 'silvermouse770', 'anatole', 'girard', "$2y$10$RBQYMg6gls1Y562bMOyUFeX8KufShQLAKgIaheuqOu0Vg3ECHyGJ2","toto", 27, 'male', 'bisexual', NULL, -1.68163, 48.1138, '35700', 'FRANCE', 'rennes', 0, '2017-01-16 18:04:20', 1),
(59, 'victoire.leroy@example.com', 'whitebutterfly180', 'victoire', 'leroy', "$2y$10$RBQYMg6gls1Y562bMOyUFeX8KufShQLAKgIaheuqOu0Vg3ECHyGJ2","toto", 62, 'female', 'bisexual', NULL, -4.48781, 48.3897, '29200', 'FRANCE', 'brest', 0, '2017-01-16 18:04:20', 1),
(60, 'aloïs.meunier@example.com', 'whitegoose956', 'aloïs', 'meunier', "$2y$10$RBQYMg6gls1Y562bMOyUFeX8KufShQLAKgIaheuqOu0Vg3ECHyGJ2","toto", 64, 'male', 'bisexual', NULL, 2.89395, 42.6971, '66100', 'FRANCE', 'perpignan', 0, '2017-01-16 18:04:20', 1),
(61, 'axelle.lucas@example.com', 'lazyfish756', 'axelle', 'lucas', "$2y$10$RBQYMg6gls1Y562bMOyUFeX8KufShQLAKgIaheuqOu0Vg3ECHyGJ2","toto", 58, 'female', 'heterosexual', NULL, 1.26077, 45.8338, '87000', 'FRANCE', 'limoges', 0, '2017-01-16 18:04:20', 1),
(62, 'tristan.dasilva@example.com', 'bigpanda404', 'tristan', 'da silva', "$2y$10$RBQYMg6gls1Y562bMOyUFeX8KufShQLAKgIaheuqOu0Vg3ECHyGJ2","toto", 101, 'male', 'homosexual', NULL, -1.55446, 47.2164, '44300', 'FRANCE', 'nantes', 0, '2017-01-16 18:04:20', 1),
(63, 'thaïs.lucas@example.com', 'beautifulbird599', 'thaïs', 'lucas', "$2y$10$RBQYMg6gls1Y562bMOyUFeX8KufShQLAKgIaheuqOu0Vg3ECHyGJ2","toto", 29, 'female', 'bisexual', NULL, -61.0674, 14.6467, '97200', 'FRANCE', 'fort-de-france', 0, '2017-01-16 18:04:20', 1),
(64, 'laly.marchand@example.com', 'purplefrog183', 'laly', 'marchand', "$2y$10$RBQYMg6gls1Y562bMOyUFeX8KufShQLAKgIaheuqOu0Vg3ECHyGJ2","toto", 69, 'female', 'heterosexual', NULL, 2.24636, 48.9474, '95100', 'FRANCE', 'argenteuil', 0, '2017-01-16 18:04:20', 1),
(65, 'héloïse.nicolas@example.com', 'yellowfish224', 'héloïse', 'nicolas', "$2y$10$RBQYMg6gls1Y562bMOyUFeX8KufShQLAKgIaheuqOu0Vg3ECHyGJ2","toto", 100, 'female', 'homosexual', NULL, 4.80759, 43.9479, '84000', 'FRANCE', 'avignon', 0, '2017-01-16 18:04:20', 1),
(66, 'aurore.petit@example.com', 'whitetiger662', 'aurore', 'petit', "$2y$10$RBQYMg6gls1Y562bMOyUFeX8KufShQLAKgIaheuqOu0Vg3ECHyGJ2","toto", 41, 'female', 'homosexual', NULL, 2.20354, 48.8905, '92000', 'FRANCE', 'nanterre', 0, '2017-01-16 18:04:20', 1),
(67, 'ambre.mathieu@example.com', 'brownfish661', 'ambre', 'mathieu', "$2y$10$RBQYMg6gls1Y562bMOyUFeX8KufShQLAKgIaheuqOu0Vg3ECHyGJ2","toto", 91, 'female', 'homosexual', NULL, 5.4018087, 43.305868, '13004', 'FRANCE', 'marseille', 0, '2017-01-16 18:04:20', 1),
(68, 'samuel.fleury@example.com', 'brownmouse368', 'samuel', 'fleury', "$2y$10$RBQYMg6gls1Y562bMOyUFeX8KufShQLAKgIaheuqOu0Vg3ECHyGJ2","toto", 95, 'male', 'bisexual', NULL, 3.05644, 50.6316, '59260', 'FRANCE', 'lille', 0, '2017-01-16 18:04:20', 1),
(69, 'tony.petit@example.com', 'ticklishladybug589', 'tony', 'petit', "$2y$10$RBQYMg6gls1Y562bMOyUFeX8KufShQLAKgIaheuqOu0Vg3ECHyGJ2","toto", 71, 'male', 'homosexual', NULL, 2.18738, 48.8778, '92500', 'FRANCE', 'rueil-malmaison', 0, '2017-01-16 18:04:20', 1),
(70, 'kylian.marchand@example.com', 'greenduck384', 'kylian', 'marchand', "$2y$10$RBQYMg6gls1Y562bMOyUFeX8KufShQLAKgIaheuqOu0Vg3ECHyGJ2","toto", 107, 'male', 'heterosexual', NULL, 1.10176, 49.4428, '76100', 'FRANCE', 'rouen', 0, '2017-01-16 18:04:20', 1),
(71, 'flora.roussel@example.com', 'organicostrich100', 'flora', 'roussel', "$2y$10$RBQYMg6gls1Y562bMOyUFeX8KufShQLAKgIaheuqOu0Vg3ECHyGJ2","toto", 53, 'female', 'homosexual', NULL, 1.90384, 47.902, '45100', 'FRANCE', 'orléans', 0, '2017-01-16 18:04:20', 1),
(72, 'morgan.dasilva@example.com', 'bluefrog263', 'morgan', 'da silva', "$2y$10$RBQYMg6gls1Y562bMOyUFeX8KufShQLAKgIaheuqOu0Vg3ECHyGJ2","toto", 123, 'male', 'bisexual', NULL, 2.38197, 48.9104, '93300', 'FRANCE', 'aubervilliers', 0, '2017-01-16 18:04:20', 1),
(73, 'chloé.vidal@example.com', 'blacktiger560', 'chloé', 'vidal', "$2y$10$RBQYMg6gls1Y562bMOyUFeX8KufShQLAKgIaheuqOu0Vg3ECHyGJ2","toto", 39, 'female', 'homosexual', NULL, 2.51518, 48.8166, '94500', 'FRANCE', 'champigny-sur-marne', 0, '2017-01-16 18:04:20', 1),
(74, 'dylan.roux@example.com', 'brownpanda507', 'dylan', 'roux', "$2y$10$RBQYMg6gls1Y562bMOyUFeX8KufShQLAKgIaheuqOu0Vg3ECHyGJ2","toto", 83, 'male', 'homosexual', NULL, -1.55446, 47.2164, '44300', 'FRANCE', 'nantes', 0, '2017-01-16 18:04:20', 1),
(75, 'romane.mathieu@example.com', 'greenbear167', 'romane', 'mathieu', "$2y$10$RBQYMg6gls1Y562bMOyUFeX8KufShQLAKgIaheuqOu0Vg3ECHyGJ2","toto", 49, 'female', 'heterosexual', NULL, 6.17603, 49.1191, '57050', 'FRANCE', 'metz', 0, '2017-01-16 18:04:20', 1),
(76, 'louka.barbier@example.com', 'yellowmeercat509', 'louka', 'barbier', "$2y$10$RBQYMg6gls1Y562bMOyUFeX8KufShQLAKgIaheuqOu0Vg3ECHyGJ2","toto", 88, 'male', 'heterosexual', NULL, 4.3589, 43.8364, '30900', 'FRANCE', 'nîmes', 0, '2017-01-16 18:04:20', 1),
(77, 'gauthier.riviere@example.com', 'redswan318', 'gauthier', 'riviere', "$2y$10$RBQYMg6gls1Y562bMOyUFeX8KufShQLAKgIaheuqOu0Vg3ECHyGJ2","toto", 85, 'male', 'homosexual', NULL, 2.24636, 48.9474, '95100', 'FRANCE', 'argenteuil', 0, '2017-01-16 18:04:20', 1),
(78, 'noélie.guillot@example.com', 'orangepeacock447', 'noélie', 'guillot', "$2y$10$RBQYMg6gls1Y562bMOyUFeX8KufShQLAKgIaheuqOu0Vg3ECHyGJ2","toto", 93, 'female', 'heterosexual', NULL, -61.0674, 14.6467, '97200', 'FRANCE', 'fort-de-france', 0, '2017-01-16 18:04:20', 1),
(79, 'soren.hubert@example.com', 'bluepeacock960', 'soren', 'hubert', "$2y$10$RBQYMg6gls1Y562bMOyUFeX8KufShQLAKgIaheuqOu0Vg3ECHyGJ2","toto", 78, 'male', 'bisexual', NULL, -0.37085, 43.3002, '64000', 'FRANCE', 'pau', 0, '2017-01-16 18:04:20', 1),
(80, 'louis.dumont@example.com', 'smallbird817', 'louis', 'dumont', "$2y$10$RBQYMg6gls1Y562bMOyUFeX8KufShQLAKgIaheuqOu0Vg3ECHyGJ2","toto", 105, 'male', 'heterosexual', NULL, 4.3589, 43.8364, '30900', 'FRANCE', 'nîmes', 0, '2017-01-16 18:04:20', 1),
(81, 'marin.renard@example.com', 'organicelephant428', 'marin', 'renard', "$2y$10$RBQYMg6gls1Y562bMOyUFeX8KufShQLAKgIaheuqOu0Vg3ECHyGJ2","toto", 37, 'male', 'homosexual', NULL, 1.10176, 49.4428, '76100', 'FRANCE', 'rouen', 0, '2017-01-16 18:04:20', 1),
(82, 'amandine.simon@example.com', 'organicleopard252', 'amandine', 'simon', "$2y$10$RBQYMg6gls1Y562bMOyUFeX8KufShQLAKgIaheuqOu0Vg3ECHyGJ2","toto", 92, 'female', 'homosexual', NULL, 7.33802, 47.7485, '68100', 'FRANCE', 'mulhouse', 0, '2017-01-16 18:04:20', 1),
(83, 'axelle.roche@example.com', 'silverleopard254', 'axelle', 'roche', "$2y$10$RBQYMg6gls1Y562bMOyUFeX8KufShQLAKgIaheuqOu0Vg3ECHyGJ2","toto", 51, 'female', 'bisexual', NULL, 3.87552, 43.611, '34080', 'FRANCE', 'montpellier', 0, '2017-01-16 18:04:20', 1),
(84, 'côme.blanc@example.com', 'lazyfish534', 'côme', 'blanc', "$2y$10$RBQYMg6gls1Y562bMOyUFeX8KufShQLAKgIaheuqOu0Vg3ECHyGJ2","toto", 135, 'male', 'homosexual', NULL, 1.90384, 47.902, '45100', 'FRANCE', 'orléans', 0, '2017-01-16 18:04:20', 1),
(85, 'emmie.giraud@example.com', 'blackwolf633', 'emmie', 'giraud', "$2y$10$RBQYMg6gls1Y562bMOyUFeX8KufShQLAKgIaheuqOu0Vg3ECHyGJ2","toto", 99, 'female', 'homosexual', NULL, 2.51518, 48.8166, '94500', 'FRANCE', 'champigny-sur-marne', 0, '2017-01-16 18:04:20', 1),
(86, 'charline.masson@example.com', 'purplewolf571', 'charline', 'masson', "$2y$10$RBQYMg6gls1Y562bMOyUFeX8KufShQLAKgIaheuqOu0Vg3ECHyGJ2","toto", 18, 'female', 'heterosexual', NULL, 2.38197, 48.9104, '93300', 'FRANCE', 'aubervilliers', 0, '2017-01-16 18:04:20', 1),
(87, 'titouan.fabre@example.com', 'organicsnake532', 'titouan', 'fabre', "$2y$10$RBQYMg6gls1Y562bMOyUFeX8KufShQLAKgIaheuqOu0Vg3ECHyGJ2","toto", 129, 'male', 'bisexual', NULL, 7.33802, 47.7485, '68100', 'FRANCE', 'mulhouse', 0, '2017-01-16 18:04:20', 1),
(88, 'rafael.louis@example.com', 'greenpeacock506', 'rafael', 'louis', "$2y$10$RBQYMg6gls1Y562bMOyUFeX8KufShQLAKgIaheuqOu0Vg3ECHyGJ2","toto", 87, 'male', 'homosexual', NULL, 4.87866, 45.7658, '69100', 'FRANCE', 'villeurbanne', 0, '2017-01-16 18:04:20', 1),
(89, 'naomi.blanchard@example.com', 'purplefrog552', 'naomi', 'blanchard', "$2y$10$RBQYMg6gls1Y562bMOyUFeX8KufShQLAKgIaheuqOu0Vg3ECHyGJ2","toto", 104, 'female', 'bisexual', NULL, -0.37085, 43.3002, '64000', 'FRANCE', 'pau', 0, '2017-01-16 18:04:20', 1),
(90, 'lucien.barbier@example.com', 'ticklishtiger598', 'lucien', 'barbier', "$2y$10$RBQYMg6gls1Y562bMOyUFeX8KufShQLAKgIaheuqOu0Vg3ECHyGJ2","toto", 52, 'male', 'bisexual', NULL, 7.26746, 43.7019, '06000', 'FRANCE', 'nice', 0, '2017-01-16 18:04:20', 1),
(91, 'baptiste.picard@example.com', 'yellowfrog229', 'baptiste', 'picard', "$2y$10$RBQYMg6gls1Y562bMOyUFeX8KufShQLAKgIaheuqOu0Vg3ECHyGJ2","toto", 23, 'male', 'heterosexual', NULL, 6.18271, 48.6924, '54100', 'FRANCE', 'nancy', 0, '2017-01-16 18:04:20', 1),
(92, 'lina.carpentier@example.com', 'brownmouse813', 'lina', 'carpentier', "$2y$10$RBQYMg6gls1Y562bMOyUFeX8KufShQLAKgIaheuqOu0Vg3ECHyGJ2","toto", 86, 'female', 'heterosexual', NULL, 0.107396, 49.4933, '76600', 'FRANCE', 'le havre', 0, '2017-01-16 18:04:20', 1),
(93, 'aloïs.roche@example.com', 'bigrabbit707', 'aloïs', 'roche', "$2y$10$RBQYMg6gls1Y562bMOyUFeX8KufShQLAKgIaheuqOu0Vg3ECHyGJ2","toto", 48, 'male', 'bisexual', NULL, 4.389, 45.4333, '42000', 'FRANCE', 'saint-étienne', 0, '2017-01-16 18:04:20', 1),
(94, 'noélie.picard@example.com', 'brownleopard365', 'noélie', 'picard', "$2y$10$RBQYMg6gls1Y562bMOyUFeX8KufShQLAKgIaheuqOu0Vg3ECHyGJ2","toto", 62, 'female', 'bisexual', NULL, 4.389, 45.4333, '42000', 'FRANCE', 'saint-étienne', 0, '2017-01-16 18:04:20', 1),
(95, 'paul.jean@example.com', 'lazyfrog739', 'paul', 'jean', "$2y$10$RBQYMg6gls1Y562bMOyUFeX8KufShQLAKgIaheuqOu0Vg3ECHyGJ2","toto", 102, 'male', 'homosexual', NULL, 55.4475, -20.9417, '97400', 'FRANCE', 'saint-denis', 0, '2017-01-16 18:04:20', 1),
(96, 'liam.lambert@example.com', 'heavyduck175', 'liam', 'lambert', "$2y$10$RBQYMg6gls1Y562bMOyUFeX8KufShQLAKgIaheuqOu0Vg3ECHyGJ2","toto", 50, 'male', 'heterosexual', NULL, 2.37552, 51.0373, '59140', 'FRANCE', 'dunkerque', 0, '2017-01-16 18:04:20', 1),
(97, 'paul.guillot@example.com', 'smallkoala384', 'paul', 'guillot', "$2y$10$RBQYMg6gls1Y562bMOyUFeX8KufShQLAKgIaheuqOu0Vg3ECHyGJ2","toto", 89, 'male', 'bisexual', NULL, 2.51518, 48.8166, '94500', 'FRANCE', 'champigny-sur-marne', 0, '2017-01-16 18:04:20', 1),
(98, 'timothe.menard@example.com', 'organicelephant413', 'timothe', 'menard', "$2y$10$RBQYMg6gls1Y562bMOyUFeX8KufShQLAKgIaheuqOu0Vg3ECHyGJ2","toto", 104, 'male', 'bisexual', NULL, 6.18271, 48.6924, '54100', 'FRANCE', 'nancy', 0, '2017-01-16 18:04:20', 1),
(99, 'ambre.dumont@example.com', 'purplelion338', 'ambre', 'dumont', "$2y$10$RBQYMg6gls1Y562bMOyUFeX8KufShQLAKgIaheuqOu0Vg3ECHyGJ2","toto", 73, 'female', 'heterosexual', NULL, 2.38197, 48.9104, '93300', 'FRANCE', 'aubervilliers', 0, '2017-01-16 18:04:20', 1),
(100, 'clara.meunier@example.com', 'goldenbear948', 'clara', 'meunier', "$2y$10$RBQYMg6gls1Y562bMOyUFeX8KufShQLAKgIaheuqOu0Vg3ECHyGJ2","toto", 82, 'female', 'heterosexual', NULL, 2.89395, 42.6971, '66100', 'FRANCE', 'perpignan', 0, '2017-01-16 18:04:20', 1),
(101, 'andréa.richard@example.com', 'yellowpanda392', 'andréa', 'richard', "$2y$10$RBQYMg6gls1Y562bMOyUFeX8KufShQLAKgIaheuqOu0Vg3ECHyGJ2","toto", 28, 'female', 'homosexual', NULL, 7.33802, 47.7485, '68100', 'FRANCE', 'mulhouse', 0, '2017-01-16 18:04:20', 1),
(102, 'laurine.richard@example.com', 'goldenbutterfly799', 'laurine', 'richard', "$2y$10$RBQYMg6gls1Y562bMOyUFeX8KufShQLAKgIaheuqOu0Vg3ECHyGJ2","toto", 22, 'female', 'heterosexual', NULL, 2.3310526, 48.8640493, '75001', 'FRANCE', 'paris', 0, '2017-01-16 18:04:20', 1),
(103, 'julie.perez@example.com', 'orangeduck885', 'julie', 'perez', "$2y$10$RBQYMg6gls1Y562bMOyUFeX8KufShQLAKgIaheuqOu0Vg3ECHyGJ2","toto", 115, 'female', 'homosexual', NULL, 2.37552, 51.0373, '59140', 'FRANCE', 'dunkerque', 0, '2017-01-16 18:04:20', 1),
(104, 'baptiste.pierre@example.com', 'lazybird800', 'baptiste', 'pierre', "$2y$10$RBQYMg6gls1Y562bMOyUFeX8KufShQLAKgIaheuqOu0Vg3ECHyGJ2","toto", 70, 'male', 'bisexual', NULL, 4.389, 45.4333, '42000', 'FRANCE', 'saint-étienne', 0, '2017-01-16 18:04:20', 1),
(105, 'romane.lemaire@example.com', 'bluegoose441', 'romane', 'lemaire', "$2y$10$RBQYMg6gls1Y562bMOyUFeX8KufShQLAKgIaheuqOu0Vg3ECHyGJ2","toto", 97, 'female', 'bisexual', NULL, 4.80759, 43.9479, '84000', 'FRANCE', 'avignon', 0, '2017-01-16 18:04:20', 1),
(106, 'mae.mercier@example.com', 'brownfrog269', 'mae', 'mercier', "$2y$10$RBQYMg6gls1Y562bMOyUFeX8KufShQLAKgIaheuqOu0Vg3ECHyGJ2","toto", 90, 'male', 'bisexual', NULL, 2.25217, 48.9231, '92700', 'FRANCE', 'colombes', 0, '2017-01-16 18:04:20', 1),
(107, 'louis.masson@example.com', 'crazybird320', 'louis', 'masson', "$2y$10$RBQYMg6gls1Y562bMOyUFeX8KufShQLAKgIaheuqOu0Vg3ECHyGJ2","toto", 111, 'male', 'bisexual', NULL, 4.389, 45.4333, '42000', 'FRANCE', 'saint-étienne', 0, '2017-01-16 18:04:20', 1),
(108, 'léane.dasilva@example.com', 'beautifulduck681', 'léane', 'da silva', "$2y$10$RBQYMg6gls1Y562bMOyUFeX8KufShQLAKgIaheuqOu0Vg3ECHyGJ2","toto", 136, 'female', 'heterosexual', NULL, 3.05644, 50.6316, '59260', 'FRANCE', 'lille', 0, '2017-01-16 18:04:20', 1),
(109, 'lisa.blanchard@example.com', 'tinybear245', 'lisa', 'blanchard', "$2y$10$RBQYMg6gls1Y562bMOyUFeX8KufShQLAKgIaheuqOu0Vg3ECHyGJ2","toto", 110, 'female', 'homosexual', NULL, -0.370637, 49.1813, '14000', 'FRANCE', 'caen', 0, '2017-01-16 18:04:20', 1),
(110, 'eline.garcia@example.com', 'blueladybug862', 'eline', 'garcia', "$2y$10$RBQYMg6gls1Y562bMOyUFeX8KufShQLAKgIaheuqOu0Vg3ECHyGJ2","toto", 125, 'female', 'bisexual', NULL, 0.107396, 49.4933, '76600', 'FRANCE', 'le havre', 0, '2017-01-16 18:04:20', 1),
(111, 'anatole.david@example.com', 'heavymeercat314', 'anatole', 'david', "$2y$10$RBQYMg6gls1Y562bMOyUFeX8KufShQLAKgIaheuqOu0Vg3ECHyGJ2","toto", 137, 'male', 'bisexual', NULL, -0.37085, 43.3002, '64000', 'FRANCE', 'pau', 0, '2017-01-16 18:04:20', 1),
(112, 'fanny.gerard@example.com', 'redtiger640', 'fanny', 'gerard', "$2y$10$RBQYMg6gls1Y562bMOyUFeX8KufShQLAKgIaheuqOu0Vg3ECHyGJ2","toto", 82, 'female', 'bisexual', NULL, 4.8240999, 45.7477113, '69002', 'FRANCE', 'lyon', 0, '2017-01-16 18:04:20', 1),
(113, 'rayan.roger@example.com', 'lazymouse355', 'rayan', 'roger', "$2y$10$RBQYMg6gls1Y562bMOyUFeX8KufShQLAKgIaheuqOu0Vg3ECHyGJ2","toto", 118, 'male', 'bisexual', NULL, -61.0674, 14.6467, '97200', 'FRANCE', 'fort-de-france', 0, '2017-01-16 18:04:20', 1),
(114, 'clément.giraud@example.com', 'blackbutterfly901', 'clément', 'giraud', "$2y$10$RBQYMg6gls1Y562bMOyUFeX8KufShQLAKgIaheuqOu0Vg3ECHyGJ2","toto", 125, 'male', 'homosexual', NULL, 3.15973, 50.7221, '59200', 'FRANCE', 'tourcoing', 0, '2017-01-16 18:04:20', 1),
(115, 'charlie.pierre@example.com', 'brownwolf642', 'charlie', 'pierre', "$2y$10$RBQYMg6gls1Y562bMOyUFeX8KufShQLAKgIaheuqOu0Vg3ECHyGJ2","toto", 55, 'male', 'heterosexual', NULL, 0.107396, 49.4933, '76600', 'FRANCE', 'le havre', 0, '2017-01-16 18:04:20', 1),
(116, 'armand.jean@example.com', 'goldenmouse649', 'armand', 'jean', "$2y$10$RBQYMg6gls1Y562bMOyUFeX8KufShQLAKgIaheuqOu0Vg3ECHyGJ2","toto", 97, 'male', 'bisexual', NULL, 4.80759, 43.9479, '84000', 'FRANCE', 'avignon', 0, '2017-01-16 18:04:20', 1),
(117, 'théo.morin@example.com', 'orangemouse560', 'théo', 'morin', "$2y$10$RBQYMg6gls1Y562bMOyUFeX8KufShQLAKgIaheuqOu0Vg3ECHyGJ2","toto", 37, 'male', 'homosexual', NULL, -61.0674, 14.6467, '97200', 'FRANCE', 'fort-de-france', 0, '2017-01-16 18:04:20', 1),
(118, 'livia.gonzalez@example.com', 'orangelion375', 'livia', 'gonzalez', "$2y$10$RBQYMg6gls1Y562bMOyUFeX8KufShQLAKgIaheuqOu0Vg3ECHyGJ2","toto", 101, 'female', 'heterosexual', NULL, 2.25217, 48.9231, '92700', 'FRANCE', 'colombes', 0, '2017-01-16 18:04:20', 1),
(119, 'lenny.rodriguez@example.com', 'crazytiger835', 'lenny', 'rodriguez', "$2y$10$RBQYMg6gls1Y562bMOyUFeX8KufShQLAKgIaheuqOu0Vg3ECHyGJ2","toto", 30, 'male', 'bisexual', NULL, 6.17603, 49.1191, '57050', 'FRANCE', 'metz', 0, '2017-01-16 18:04:20', 1),
(120, 'aurore.bertrand@example.com', 'orangewolf424', 'aurore', 'bertrand', "$2y$10$RBQYMg6gls1Y562bMOyUFeX8KufShQLAKgIaheuqOu0Vg3ECHyGJ2","toto", 110, 'female', 'bisexual', NULL, 5.44502, 43.5276, '13100', 'FRANCE', 'aix-en-provence', 0, '2017-01-16 18:04:20', 1),
(121, 'ambre.philippe@example.com', 'smallcat970', 'ambre', 'philippe', "$2y$10$RBQYMg6gls1Y562bMOyUFeX8KufShQLAKgIaheuqOu0Vg3ECHyGJ2","toto", 99, 'female', 'heterosexual', NULL, 4.87866, 45.7658, '69100', 'FRANCE', 'villeurbanne', 0, '2017-01-16 18:04:20', 1),
(122, 'alizee.durand@example.com', 'yellowduck929', 'alizee', 'durand', "$2y$10$RBQYMg6gls1Y562bMOyUFeX8KufShQLAKgIaheuqOu0Vg3ECHyGJ2","toto", 26, 'female', 'homosexual', NULL, -1.68163, 48.1138, '35700', 'FRANCE', 'rennes', 0, '2017-01-16 18:04:20', 1),
(123, 'inaya.garnier@example.com', 'lazytiger800', 'inaya', 'garnier', "$2y$10$RBQYMg6gls1Y562bMOyUFeX8KufShQLAKgIaheuqOu0Vg3ECHyGJ2","toto", 23, 'female', 'bisexual', NULL, 2.24118, 48.8349, '92100', 'FRANCE', 'boulogne-billancourt', 0, '2017-01-16 18:04:20', 1),
(124, 'eva.adam@example.com', 'lazypanda281', 'eva', 'adam', "$2y$10$RBQYMg6gls1Y562bMOyUFeX8KufShQLAKgIaheuqOu0Vg3ECHyGJ2","toto", 64, 'female', 'heterosexual', NULL, 2.38197, 48.9104, '93300', 'FRANCE', 'aubervilliers', 0, '2017-01-16 18:04:20', 1),
(125, 'pierre.lecomte@example.com', 'organicpanda159', 'pierre', 'lecomte', "$2y$10$RBQYMg6gls1Y562bMOyUFeX8KufShQLAKgIaheuqOu0Vg3ECHyGJ2","toto", 103, 'male', 'homosexual', NULL, 0.195522, 48.0033, '72100', 'FRANCE', 'le mans', 0, '2017-01-16 18:04:20', 1),
(126, 'laurine.guillaume@example.com', 'blackgoose920', 'laurine', 'guillaume', "$2y$10$RBQYMg6gls1Y562bMOyUFeX8KufShQLAKgIaheuqOu0Vg3ECHyGJ2","toto", 117, 'female', 'homosexual', NULL, 0.107396, 49.4933, '76600', 'FRANCE', 'le havre', 0, '2017-01-16 18:04:20', 1),
(127, 'margaux.roger@example.com', 'organicelephant619', 'margaux', 'roger', "$2y$10$RBQYMg6gls1Y562bMOyUFeX8KufShQLAKgIaheuqOu0Vg3ECHyGJ2","toto", 63, 'female', 'homosexual', NULL, -0.556585, 47.4721, '49100', 'FRANCE', 'angers', 0, '2017-01-16 18:04:20', 1),
(128, 'lucien.gonzalez@example.com', 'smallgorilla263', 'lucien', 'gonzalez', "$2y$10$RBQYMg6gls1Y562bMOyUFeX8KufShQLAKgIaheuqOu0Vg3ECHyGJ2","toto", 103, 'male', 'heterosexual', NULL, -0.579717, 44.8377, '33800', 'FRANCE', 'bordeaux', 0, '2017-01-16 18:04:20', 1),
(129, 'nino.caron@example.com', 'bigtiger651', 'nino', 'caron', "$2y$10$RBQYMg6gls1Y562bMOyUFeX8KufShQLAKgIaheuqOu0Vg3ECHyGJ2","toto", 44, 'male', 'bisexual', NULL, -0.370637, 49.1813, '14000', 'FRANCE', 'caen', 0, '2017-01-16 18:04:20', 1),
(130, 'milan.bertrand@example.com', 'tinymeercat671', 'milan', 'bertrand', "$2y$10$RBQYMg6gls1Y562bMOyUFeX8KufShQLAKgIaheuqOu0Vg3ECHyGJ2","toto", 26, 'male', 'homosexual', NULL, 2.24636, 48.9474, '95100', 'FRANCE', 'argenteuil', 0, '2017-01-16 18:04:20', 1),
(131, 'victor.guillaume@example.com', 'smallkoala736', 'victor', 'guillaume', "$2y$10$RBQYMg6gls1Y562bMOyUFeX8KufShQLAKgIaheuqOu0Vg3ECHyGJ2","toto", 59, 'male', 'heterosexual', NULL, 2.89395, 42.6971, '66100', 'FRANCE', 'perpignan', 0, '2017-01-16 18:04:20', 1),
(132, 'julie.dubois@example.com', 'organicleopard571', 'julie', 'dubois', "$2y$10$RBQYMg6gls1Y562bMOyUFeX8KufShQLAKgIaheuqOu0Vg3ECHyGJ2","toto", 39, 'female', 'heterosexual', NULL, 2.37552, 51.0373, '59140', 'FRANCE', 'dunkerque', 0, '2017-01-16 18:04:20', 1),
(133, 'quentin.legrand@example.com', 'orangefrog109', 'quentin', 'legrand', "$2y$10$RBQYMg6gls1Y562bMOyUFeX8KufShQLAKgIaheuqOu0Vg3ECHyGJ2","toto", 109, 'male', 'homosexual', NULL, 2.25217, 48.9231, '92700', 'FRANCE', 'colombes', 0, '2017-01-16 18:04:20', 1),
(134, 'paul.bonnet@example.com', 'tinyelephant932', 'paul', 'bonnet', "$2y$10$RBQYMg6gls1Y562bMOyUFeX8KufShQLAKgIaheuqOu0Vg3ECHyGJ2","toto", 54, 'male', 'homosexual', NULL, 7.33802, 47.7485, '68100', 'FRANCE', 'mulhouse', 0, '2017-01-16 18:04:20', 1),
(135, 'axelle.lopez@example.com', 'orangegoose784', 'axelle', 'lopez', "$2y$10$RBQYMg6gls1Y562bMOyUFeX8KufShQLAKgIaheuqOu0Vg3ECHyGJ2","toto", 89, 'female', 'homosexual', NULL, 2.29639, 49.8915, '80080', 'FRANCE', 'amiens', 0, '2017-01-16 18:04:20', 1),
(136, 'damien.martinez@example.com', 'whiteswan494', 'damien', 'martinez', "$2y$10$RBQYMg6gls1Y562bMOyUFeX8KufShQLAKgIaheuqOu0Vg3ECHyGJ2","toto", 78, 'male', 'homosexual', NULL, 1.10176, 49.4428, '76100', 'FRANCE', 'rouen', 0, '2017-01-16 18:04:20', 1),
(137, 'timeo.laurent@example.com', 'bigostrich168', 'timeo', 'laurent', "$2y$10$RBQYMg6gls1Y562bMOyUFeX8KufShQLAKgIaheuqOu0Vg3ECHyGJ2","toto", 46, 'male', 'homosexual', NULL, 6.02007, 47.2422, '25000', 'FRANCE', 'besançon', 0, '2017-01-16 18:04:20', 1),
(138, 'norah.legall@example.com', 'heavypanda540', 'norah', 'le gall', "$2y$10$RBQYMg6gls1Y562bMOyUFeX8KufShQLAKgIaheuqOu0Vg3ECHyGJ2","toto", 31, 'female', 'homosexual', NULL, 4.8240999, 45.7477113, '69002', 'FRANCE', 'lyon', 0, '2017-01-16 18:04:20', 1),
(139, 'noa.gaillard@example.com', 'organicmeercat458', 'noa', 'gaillard', "$2y$10$RBQYMg6gls1Y562bMOyUFeX8KufShQLAKgIaheuqOu0Vg3ECHyGJ2","toto", 37, 'male', 'bisexual', NULL, 3.87552, 43.611, '34080', 'FRANCE', 'montpellier', 0, '2017-01-16 18:04:20', 1),
(140, 'victor.gautier@example.com', 'purplewolf584', 'victor', 'gautier', "$2y$10$RBQYMg6gls1Y562bMOyUFeX8KufShQLAKgIaheuqOu0Vg3ECHyGJ2","toto", 42, 'male', 'heterosexual', NULL, 1.26077, 45.8338, '87000', 'FRANCE', 'limoges', 0, '2017-01-16 18:04:20', 1),
(141, 'constance.vidal@example.com', 'organicwolf804', 'constance', 'vidal', "$2y$10$RBQYMg6gls1Y562bMOyUFeX8KufShQLAKgIaheuqOu0Vg3ECHyGJ2","toto", 31, 'female', 'heterosexual', NULL, -1.55446, 47.2164, '44300', 'FRANCE', 'nantes', 0, '2017-01-16 18:04:20', 1),
(142, 'timeo.dumas2@example.com', 'lazyswan215', 'timeo', 'dumas', "$2y$10$RBQYMg6gls1Y562bMOyUFeX8KufShQLAKgIaheuqOu0Vg3ECHyGJ2","toto", 96, 'male', 'bisexual', NULL, 2.38197, 48.9104, '93300', 'FRANCE', 'aubervilliers', 0, '2017-01-16 18:04:20', 1),
(143, 'mila.dumont@example.com', 'orangepanda639', 'mila', 'dumont', "$2y$10$RBQYMg6gls1Y562bMOyUFeX8KufShQLAKgIaheuqOu0Vg3ECHyGJ2","toto", 94, 'female', 'bisexual', NULL, 4.3589, 43.8364, '30900', 'FRANCE', 'nîmes', 0, '2017-01-16 18:04:20', 1),
(144, 'emeline.perez@example.com', 'tinyelephant887', 'emeline', 'perez', "$2y$10$RBQYMg6gls1Y562bMOyUFeX8KufShQLAKgIaheuqOu0Vg3ECHyGJ2","toto", 35, 'female', 'heterosexual', NULL, 2.37552, 51.0373, '59140', 'FRANCE', 'dunkerque', 0, '2017-01-16 18:04:20', 1),
(145, 'alexis.renard@example.com', 'blackmeercat217', 'alexis', 'renard', "$2y$10$RBQYMg6gls1Y562bMOyUFeX8KufShQLAKgIaheuqOu0Vg3ECHyGJ2","toto", 134, 'male', 'heterosexual', NULL, 2.51518, 48.8166, '94500', 'FRANCE', 'champigny-sur-marne', 0, '2017-01-16 18:04:20', 1),
(146, 'alessio.faure@example.com', 'orangepanda344', 'alessio', 'faure', "$2y$10$RBQYMg6gls1Y562bMOyUFeX8KufShQLAKgIaheuqOu0Vg3ECHyGJ2","toto", 68, 'male', 'homosexual', NULL, 2.25217, 48.9231, '92700', 'FRANCE', 'colombes', 0, '2017-01-16 18:04:20', 1),
(147, 'tiago.durand@example.com', 'goldenkoala947', 'tiago', 'durand', "$2y$10$RBQYMg6gls1Y562bMOyUFeX8KufShQLAKgIaheuqOu0Vg3ECHyGJ2","toto", 112, 'male', 'heterosexual', NULL, 5.93047, 43.124, '83100', 'FRANCE', 'toulon', 0, '2017-01-16 18:04:20', 1),
(148, 'luka.perrin@example.com', 'orangedog951', 'luka', 'perrin', "$2y$10$RBQYMg6gls1Y562bMOyUFeX8KufShQLAKgIaheuqOu0Vg3ECHyGJ2","toto", 34, 'male', 'heterosexual', NULL, -61.0674, 14.6467, '97200', 'FRANCE', 'fort-de-france', 0, '2017-01-16 18:04:20', 1),
(149, 'léane.bourgeois@example.com', 'organicfish489', 'léane', 'bourgeois', "$2y$10$RBQYMg6gls1Y562bMOyUFeX8KufShQLAKgIaheuqOu0Vg3ECHyGJ2","toto", 117, 'female', 'heterosexual', NULL, 0.107396, 49.4933, '76600', 'FRANCE', 'le havre', 0, '2017-01-16 18:04:20', 1),
(150, 'ryan.guillaume@example.com', 'tinywolf368', 'ryan', 'guillaume', "$2y$10$RBQYMg6gls1Y562bMOyUFeX8KufShQLAKgIaheuqOu0Vg3ECHyGJ2","toto", 66, 'male', 'bisexual', NULL, -0.37085, 43.3002, '64000', 'FRANCE', 'pau', 0, '2017-01-16 18:04:20', 1),
(151, 'anthony.fournier@example.com', 'blackwolf397', 'anthony', 'fournier', "$2y$10$RBQYMg6gls1Y562bMOyUFeX8KufShQLAKgIaheuqOu0Vg3ECHyGJ2","toto", 104, 'male', 'bisexual', NULL, 4.80759, 43.9479, '84000', 'FRANCE', 'avignon', 0, '2017-01-16 18:04:20', 1),
(152, 'kenzo.lecomte@example.com', 'brownrabbit972', 'kenzo', 'lecomte', "$2y$10$RBQYMg6gls1Y562bMOyUFeX8KufShQLAKgIaheuqOu0Vg3ECHyGJ2","toto", 102, 'male', 'heterosexual', NULL, 2.49223, 48.9361, '93600', 'FRANCE', 'aulnay-sous-bois', 0, '2017-01-16 18:04:20', 1),
(153, 'soline.guillaume@example.com', 'organicmeercat394', 'soline', 'guillaume', "$2y$10$RBQYMg6gls1Y562bMOyUFeX8KufShQLAKgIaheuqOu0Vg3ECHyGJ2","toto", 104, 'female', 'homosexual', NULL, 3.15973, 50.7221, '59200', 'FRANCE', 'tourcoing', 0, '2017-01-16 18:04:20', 1),
(154, 'amelia.michel@example.com', 'organicladybug207', 'amelia', 'michel', "$2y$10$RBQYMg6gls1Y562bMOyUFeX8KufShQLAKgIaheuqOu0Vg3ECHyGJ2","toto", 77, 'female', 'homosexual', NULL, 2.25118, 48.8971, '92400', 'FRANCE', 'courbevoie', 0, '2017-01-16 18:04:20', 1),
(155, 'clémentine.gonzalez@example.com', 'silverfish234', 'clémentine', 'gonzalez', "$2y$10$RBQYMg6gls1Y562bMOyUFeX8KufShQLAKgIaheuqOu0Vg3ECHyGJ2","toto", 28, 'female', 'bisexual', NULL, 2.34399, 48.8675641, '75002', 'FRANCE', 'paris', 0, '2017-01-16 18:04:20', 1),
(156, 'elias.dufour@example.com', 'purplebutterfly228', 'elias', 'dufour', "$2y$10$RBQYMg6gls1Y562bMOyUFeX8KufShQLAKgIaheuqOu0Vg3ECHyGJ2","toto", 105, 'male', 'bisexual', NULL, 1.76383, 50.4629, '62170', 'FRANCE', 'montreuil', 0, '2017-01-16 18:04:20', 1),
(157, 'baptiste.charles@example.com', 'redwolf212', 'baptiste', 'charles', "$2y$10$RBQYMg6gls1Y562bMOyUFeX8KufShQLAKgIaheuqOu0Vg3ECHyGJ2","toto", 77, 'male', 'heterosexual', NULL, 3.05644, 50.6316, '59260', 'FRANCE', 'lille', 0, '2017-01-16 18:04:20', 1),
(158, 'elisa.leroux@example.com', 'ticklishmouse706', 'elisa', 'leroux', "$2y$10$RBQYMg6gls1Y562bMOyUFeX8KufShQLAKgIaheuqOu0Vg3ECHyGJ2","toto", 54, 'female', 'homosexual', NULL, -1.55446, 47.2164, '44300', 'FRANCE', 'nantes', 0, '2017-01-16 18:04:20', 1),
(159, 'mélina.arnaud@example.com', 'brownswan322', 'mélina', 'arnaud', "$2y$10$RBQYMg6gls1Y562bMOyUFeX8KufShQLAKgIaheuqOu0Vg3ECHyGJ2","toto", 58, 'female', 'bisexual', NULL, 2.3591145, 48.8634799, '75003', 'FRANCE', 'paris', 0, '2017-01-16 18:04:20', 1),
(160, 'thomas.deschamps@example.com', 'tinypanda524', 'thomas', 'deschamps', "$2y$10$RBQYMg6gls1Y562bMOyUFeX8KufShQLAKgIaheuqOu0Vg3ECHyGJ2","toto", 137, 'male', 'heterosexual', NULL, 6.17603, 49.1191, '57050', 'FRANCE', 'metz', 0, '2017-01-16 18:04:20', 1),
(161, 'rémi.marie@example.com', 'orangegoose973', 'rémi', 'marie', "$2y$10$RBQYMg6gls1Y562bMOyUFeX8KufShQLAKgIaheuqOu0Vg3ECHyGJ2","toto", 89, 'male', 'heterosexual', NULL, 4.389, 45.4333, '42000', 'FRANCE', 'saint-étienne', 0, '2017-01-16 18:04:20', 1),
(162, 'théodore.fontai@example.com', 'redswan625', 'théodore', 'fontai', "$2y$10$RBQYMg6gls1Y562bMOyUFeX8KufShQLAKgIaheuqOu0Vg3ECHyGJ2","toto", 51, 'male', 'heterosexual', NULL, -0.579717, 44.8377, '33800', 'FRANCE', 'bordeaux', 0, '2017-01-16 18:04:20', 1),
(163, 'lilly.bertrand@example.com', 'beautifulelephant248', 'lilly', 'bertrand', "$2y$10$RBQYMg6gls1Y562bMOyUFeX8KufShQLAKgIaheuqOu0Vg3ECHyGJ2","toto", 69, 'female', 'bisexual', NULL, 2.29639, 49.8915, '80080', 'FRANCE', 'amiens', 0, '2017-01-16 18:04:20', 1),
(164, 'rémy.fournier@example.com', 'smallgorilla441', 'rémy', 'fournier', "$2y$10$RBQYMg6gls1Y562bMOyUFeX8KufShQLAKgIaheuqOu0Vg3ECHyGJ2","toto", 94, 'male', 'bisexual', NULL, 5.44502, 43.5276, '13100', 'FRANCE', 'aix-en-provence', 0, '2017-01-16 18:04:20', 1),
(165, 'alexis.hubert@example.com', 'beautifulgorilla659', 'alexis', 'hubert', "$2y$10$RBQYMg6gls1Y562bMOyUFeX8KufShQLAKgIaheuqOu0Vg3ECHyGJ2","toto", 53, 'male', 'heterosexual', NULL, -1.55446, 47.2164, '44300', 'FRANCE', 'nantes', 0, '2017-01-16 18:04:20', 1),
(166, 'flavie.leroy@example.com', 'organicbear928', 'flavie', 'leroy', "$2y$10$RBQYMg6gls1Y562bMOyUFeX8KufShQLAKgIaheuqOu0Vg3ECHyGJ2","toto", 105, 'female', 'heterosexual', NULL, 3.05644, 50.6316, '59260', 'FRANCE', 'lille', 0, '2017-01-16 18:04:20', 1),
(167, 'luna.roger@example.com', 'orangewolf630', 'luna', 'roger', "$2y$10$RBQYMg6gls1Y562bMOyUFeX8KufShQLAKgIaheuqOu0Vg3ECHyGJ2","toto", 34, 'female', 'heterosexual', NULL, 7.33802, 47.7485, '68100', 'FRANCE', 'mulhouse', 0, '2017-01-16 18:04:20', 1),
(168, 'charlotte.dumont@example.com', 'heavybird789', 'charlotte', 'dumont', "$2y$10$RBQYMg6gls1Y562bMOyUFeX8KufShQLAKgIaheuqOu0Vg3ECHyGJ2","toto", 62, 'female', 'heterosexual', NULL, 4.87866, 45.7658, '69100', 'FRANCE', 'villeurbanne', 0, '2017-01-16 18:04:20', 1),
(169, 'noemie.dupuis@example.com', 'ticklishbird375', 'noemie', 'dupuis', "$2y$10$RBQYMg6gls1Y562bMOyUFeX8KufShQLAKgIaheuqOu0Vg3ECHyGJ2","toto", 83, 'female', 'heterosexual', NULL, 2.28509, 48.9108, '92600', 'FRANCE', 'asnières-sur-seine', 0, '2017-01-16 18:04:20', 1),
(170, 'dylan.michel@example.com', 'lazyelephant719', 'dylan', 'michel', "$2y$10$RBQYMg6gls1Y562bMOyUFeX8KufShQLAKgIaheuqOu0Vg3ECHyGJ2","toto", 99, 'male', 'homosexual', NULL, -0.579717, 44.8377, '33800', 'FRANCE', 'bordeaux', 0, '2017-01-16 18:04:20', 1),
(171, 'guillaume.robert@example.com', 'yellowbear993', 'guillaume', 'robert', "$2y$10$RBQYMg6gls1Y562bMOyUFeX8KufShQLAKgIaheuqOu0Vg3ECHyGJ2","toto", 112, 'male', 'bisexual', NULL, 2.38197, 48.9104, '93300', 'FRANCE', 'aubervilliers', 0, '2017-01-16 18:04:20', 1),
(172, 'alexis.legrand@example.com', 'ticklishlion813', 'alexis', 'legrand', "$2y$10$RBQYMg6gls1Y562bMOyUFeX8KufShQLAKgIaheuqOu0Vg3ECHyGJ2","toto", 68, 'male', 'homosexual', NULL, 1.10176, 49.4428, '76100', 'FRANCE', 'rouen', 0, '2017-01-16 18:04:20', 1),
(173, 'mya.thomas@example.com', 'orangerabbit236', 'mya', 'thomas', "$2y$10$RBQYMg6gls1Y562bMOyUFeX8KufShQLAKgIaheuqOu0Vg3ECHyGJ2","toto", 55, 'female', 'heterosexual', NULL, 3.05644, 50.6316, '59260', 'FRANCE', 'lille', 0, '2017-01-16 18:04:20', 1),
(174, 'elias.renaud@example.com', 'beautifulkoala881', 'elias', 'renaud', "$2y$10$RBQYMg6gls1Y562bMOyUFeX8KufShQLAKgIaheuqOu0Vg3ECHyGJ2","toto", 20, 'male', 'bisexual', NULL, -0.370637, 49.1813, '14000', 'FRANCE', 'caen', 0, '2017-01-16 18:04:20', 1),
(175, 'thiago.adam@example.com', 'blackduck597', 'thiago', 'adam', "$2y$10$RBQYMg6gls1Y562bMOyUFeX8KufShQLAKgIaheuqOu0Vg3ECHyGJ2","toto", 45, 'male', 'homosexual', NULL, 2.24118, 48.8349, '92100', 'FRANCE', 'boulogne-billancourt', 0, '2017-01-16 18:04:20', 1),
(176, 'elisa.faure@example.com', 'blackkoala139', 'elisa', 'faure', "$2y$10$RBQYMg6gls1Y562bMOyUFeX8KufShQLAKgIaheuqOu0Vg3ECHyGJ2","toto", 84, 'female', 'bisexual', NULL, -0.370637, 49.1813, '14000', 'FRANCE', 'caen', 0, '2017-01-16 18:04:20', 1),
(177, 'téo.lambert@example.com', 'goldengorilla359', 'téo', 'lambert', "$2y$10$RBQYMg6gls1Y562bMOyUFeX8KufShQLAKgIaheuqOu0Vg3ECHyGJ2","toto", 25, 'male', 'bisexual', NULL, -0.37085, 43.3002, '64000', 'FRANCE', 'pau', 0, '2017-01-16 18:04:20', 1),
(178, 'victoria.renaud@example.com', 'biglion928', 'victoria', 'renaud', "$2y$10$RBQYMg6gls1Y562bMOyUFeX8KufShQLAKgIaheuqOu0Vg3ECHyGJ2","toto", 96, 'female', 'homosexual', NULL, 2.3582788, 48.8534275, '75004', 'FRANCE', 'paris', 0, '2017-01-16 18:04:20', 1),
(179, 'margaux.boyer@example.com', 'brownkoala882', 'margaux', 'boyer', "$2y$10$RBQYMg6gls1Y562bMOyUFeX8KufShQLAKgIaheuqOu0Vg3ECHyGJ2","toto", 63, 'female', 'bisexual', NULL, 2.24636, 48.9474, '95100', 'FRANCE', 'argenteuil', 0, '2017-01-16 18:04:20', 1),
(180, 'cléa.legall@example.com', 'blackfrog706', 'cléa', 'le gall', "$2y$10$RBQYMg6gls1Y562bMOyUFeX8KufShQLAKgIaheuqOu0Vg3ECHyGJ2","toto", 45, 'female', 'bisexual', NULL, 1.90384, 47.902, '45100', 'FRANCE', 'orléans', 0, '2017-01-16 18:04:20', 1),
(181, 'diane.barbier@example.com', 'whitewolf281', 'diane', 'barbier', "$2y$10$RBQYMg6gls1Y562bMOyUFeX8KufShQLAKgIaheuqOu0Vg3ECHyGJ2","toto", 121, 'female', 'homosexual', NULL, 6.17603, 49.1191, '57050', 'FRANCE', 'metz', 0, '2017-01-16 18:04:20', 1),
(182, 'naomi.bertrand@example.com', 'yellowduck455', 'naomi', 'bertrand', "$2y$10$RBQYMg6gls1Y562bMOyUFeX8KufShQLAKgIaheuqOu0Vg3ECHyGJ2","toto", 137, 'female', 'bisexual', NULL, 2.20354, 48.8905, '92000', 'FRANCE', 'nanterre', 0, '2017-01-16 18:04:20', 1),
(183, 'kylian.roussel@example.com', 'ticklishcat105', 'kylian', 'roussel', "$2y$10$RBQYMg6gls1Y562bMOyUFeX8KufShQLAKgIaheuqOu0Vg3ECHyGJ2","toto", 61, 'male', 'heterosexual', NULL, 2.37552, 51.0373, '59140', 'FRANCE', 'dunkerque', 0, '2017-01-16 18:04:20', 1),
(184, 'ethan.leclercq@example.com', 'smallgoose718', 'ethan', 'leclercq', "$2y$10$RBQYMg6gls1Y562bMOyUFeX8KufShQLAKgIaheuqOu0Vg3ECHyGJ2","toto", 132, 'male', 'homosexual', NULL, -0.37085, 43.3002, '64000', 'FRANCE', 'pau', 0, '2017-01-16 18:04:20', 1),
(185, 'soan.marie@example.com', 'yellowladybug742', 'soan', 'marie', "$2y$10$RBQYMg6gls1Y562bMOyUFeX8KufShQLAKgIaheuqOu0Vg3ECHyGJ2","toto", 78, 'male', 'bisexual', NULL, 2.28509, 48.9108, '92600', 'FRANCE', 'asnières-sur-seine', 0, '2017-01-16 18:04:20', 1),
(186, 'roméo.marchand@example.com', 'purpletiger868', 'roméo', 'marchand', "$2y$10$RBQYMg6gls1Y562bMOyUFeX8KufShQLAKgIaheuqOu0Vg3ECHyGJ2","toto", 115, 'male', 'homosexual', NULL, 6.17603, 49.1191, '57050', 'FRANCE', 'metz', 0, '2017-01-16 18:04:20', 1),
(187, 'laura.girard@example.com', 'bluewolf307', 'laura', 'girard', "$2y$10$RBQYMg6gls1Y562bMOyUFeX8KufShQLAKgIaheuqOu0Vg3ECHyGJ2","toto", 78, 'female', 'homosexual', NULL, 2.38197, 48.9104, '93300', 'FRANCE', 'aubervilliers', 0, '2017-01-16 18:04:20', 1),
(188, 'amelia.blanc@example.com', 'bigkoala497', 'amelia', 'blanc', "$2y$10$RBQYMg6gls1Y562bMOyUFeX8KufShQLAKgIaheuqOu0Vg3ECHyGJ2","toto", 22, 'female', 'bisexual', NULL, 2.45294, 48.7776, '94000', 'FRANCE', 'créteil', 0, '2017-01-16 18:04:20', 1),
(189, 'amandine.dasilva@example.com', 'crazysnake746', 'amandine', 'da silva', "$2y$10$RBQYMg6gls1Y562bMOyUFeX8KufShQLAKgIaheuqOu0Vg3ECHyGJ2","toto", 122, 'female', 'bisexual', NULL, 5.72536, 45.1863, '38000', 'FRANCE', 'grenoble', 0, '2017-01-16 18:04:20', 1),
(190, 'margot.fontai@example.com', 'lazymouse156', 'margot', 'fontai', "$2y$10$RBQYMg6gls1Y562bMOyUFeX8KufShQLAKgIaheuqOu0Vg3ECHyGJ2","toto", 119, 'female', 'homosexual', NULL, 55.4659, -21.3068, '97410', 'FRANCE', 'saint-pierre', 0, '2017-01-16 18:04:20', 1),
(191, 'alice.philippe@example.com', 'browngoose212', 'alice', 'philippe', "$2y$10$RBQYMg6gls1Y562bMOyUFeX8KufShQLAKgIaheuqOu0Vg3ECHyGJ2","toto", 23, 'female', 'homosexual', NULL, 2.37552, 51.0373, '59140', 'FRANCE', 'dunkerque', 0, '2017-01-16 18:04:20', 1),
(192, 'pauline.sanchez@example.com', 'ticklishmeercat997', 'pauline', 'sanchez', "$2y$10$RBQYMg6gls1Y562bMOyUFeX8KufShQLAKgIaheuqOu0Vg3ECHyGJ2","toto", 61, 'female', 'homosexual', NULL, 2.51518, 48.8166, '94500', 'FRANCE', 'champigny-sur-marne', 0, '2017-01-16 18:04:20', 1),
(193, 'louanne.lemaire@example.com', 'crazybird171', 'louanne', 'lemaire', "$2y$10$RBQYMg6gls1Y562bMOyUFeX8KufShQLAKgIaheuqOu0Vg3ECHyGJ2","toto", 44, 'female', 'homosexual', NULL, 2.25118, 48.8971, '92400', 'FRANCE', 'courbevoie', 0, '2017-01-16 18:04:20', 1),
(194, 'enora.lopez@example.com', 'crazyladybug251', 'enora', 'lopez', "$2y$10$RBQYMg6gls1Y562bMOyUFeX8KufShQLAKgIaheuqOu0Vg3ECHyGJ2","toto", 69, 'female', 'bisexual', NULL, 2.37552, 51.0373, '59140', 'FRANCE', 'dunkerque', 0, '2017-01-16 18:04:20', 1),
(195, 'thomas.dumont@example.com', 'silversnake541', 'thomas', 'dumont', "$2y$10$RBQYMg6gls1Y562bMOyUFeX8KufShQLAKgIaheuqOu0Vg3ECHyGJ2","toto", 126, 'male', 'bisexual', NULL, 6.17603, 49.1191, '57050', 'FRANCE', 'metz', 0, '2017-01-16 18:04:20', 1),
(196, 'mia.moulin@example.com', 'yellowsnake567', 'mia', 'moulin', "$2y$10$RBQYMg6gls1Y562bMOyUFeX8KufShQLAKgIaheuqOu0Vg3ECHyGJ2","toto", 111, 'female', 'bisexual', NULL, 3.08623, 45.7796, '63100', 'FRANCE', 'clermont-ferrand', 0, '2017-01-16 18:04:20', 1),
(197, 'lana.fabre@example.com', 'bigswan360', 'lana', 'fabre', "$2y$10$RBQYMg6gls1Y562bMOyUFeX8KufShQLAKgIaheuqOu0Vg3ECHyGJ2","toto", 72, 'female', 'homosexual', NULL, 1.26077, 45.8338, '87000', 'FRANCE', 'limoges', 0, '2017-01-16 18:04:20', 1),
(198, 'luna.brunet@example.com', 'whiterabbit412', 'luna', 'brunet', "$2y$10$RBQYMg6gls1Y562bMOyUFeX8KufShQLAKgIaheuqOu0Vg3ECHyGJ2","toto", 112, 'female', 'homosexual', NULL, 5.3965729, 43.2916612, '13005', 'FRANCE', 'marseille', 0, '2017-01-16 18:04:20', 1),
(199, 'mélina.jean@example.com', 'ticklishlion152', 'mélina', 'jean', "$2y$10$RBQYMg6gls1Y562bMOyUFeX8KufShQLAKgIaheuqOu0Vg3ECHyGJ2","toto", 75, 'female', 'homosexual', NULL, 0.107396, 49.4933, '76600', 'FRANCE', 'le havre', 0, '2017-01-16 18:04:20', 1),
(200, 'elisa.barbier@example.com', 'tinypanda707', 'elisa', 'barbier', "$2y$10$RBQYMg6gls1Y562bMOyUFeX8KufShQLAKgIaheuqOu0Vg3ECHyGJ2","toto", 114, 'female', 'bisexual', NULL, -61.0674, 14.6467, '97200', 'FRANCE', 'fort-de-france', 0, '2017-01-16 18:04:20', 1),
(201, 'léa.meunier@example.com', 'heavytiger390', 'léa', 'meunier', "$2y$10$RBQYMg6gls1Y562bMOyUFeX8KufShQLAKgIaheuqOu0Vg3ECHyGJ2","toto", 71, 'female', 'bisexual', NULL, 55.4475, -20.9417, '97400', 'FRANCE', 'saint-denis', 0, '2017-01-16 18:04:20', 1),
(202, 'owen.perrin@example.com', 'silvertiger675', 'owen', 'perrin', "$2y$10$RBQYMg6gls1Y562bMOyUFeX8KufShQLAKgIaheuqOu0Vg3ECHyGJ2","toto", 118, 'male', 'heterosexual', NULL, 2.24636, 48.9474, '95100', 'FRANCE', 'argenteuil', 0, '2017-01-16 18:04:20', 1),
(203, 'charlie.giraud@example.com', 'orangebear617', 'charlie', 'giraud', "$2y$10$RBQYMg6gls1Y562bMOyUFeX8KufShQLAKgIaheuqOu0Vg3ECHyGJ2","toto", 74, 'male', 'heterosexual', NULL, 2.20354, 48.8905, '92000', 'FRANCE', 'nanterre', 0, '2017-01-16 18:04:20', 1),
(204, 'tessa.brunet@example.com', 'redwolf920', 'tessa', 'brunet', "$2y$10$RBQYMg6gls1Y562bMOyUFeX8KufShQLAKgIaheuqOu0Vg3ECHyGJ2","toto", 122, 'female', 'bisexual', NULL, 3.15973, 50.7221, '59200', 'FRANCE', 'tourcoing', 0, '2017-01-16 18:04:20', 1),
(205, 'nathan.perrin@example.com', 'yellowbear915', 'nathan', 'perrin', "$2y$10$RBQYMg6gls1Y562bMOyUFeX8KufShQLAKgIaheuqOu0Vg3ECHyGJ2","toto", 92, 'male', 'bisexual', NULL, -4.48781, 48.3897, '29200', 'FRANCE', 'brest', 0, '2017-01-16 18:04:20', 1),
(206, 'alizee.olivier@example.com', 'orangeelephant839', 'alizee', 'olivier', "$2y$10$RBQYMg6gls1Y562bMOyUFeX8KufShQLAKgIaheuqOu0Vg3ECHyGJ2","toto", 92, 'female', 'bisexual', NULL, 2.18738, 48.8778, '92500', 'FRANCE', 'rueil-malmaison', 0, '2017-01-16 18:04:20', 1),
(207, 'ava.lambert@example.com', 'bigbird667', 'ava', 'lambert', "$2y$10$RBQYMg6gls1Y562bMOyUFeX8KufShQLAKgIaheuqOu0Vg3ECHyGJ2","toto", 116, 'female', 'heterosexual', NULL, 2.37552, 51.0373, '59140', 'FRANCE', 'dunkerque', 0, '2017-01-16 18:04:20', 1),
(208, 'fabien.rey@example.com', 'orangebear650', 'fabien', 'rey', "$2y$10$RBQYMg6gls1Y562bMOyUFeX8KufShQLAKgIaheuqOu0Vg3ECHyGJ2","toto", 26, 'male', 'bisexual', NULL, 2.38197, 48.9104, '93300', 'FRANCE', 'aubervilliers', 0, '2017-01-16 18:04:20', 1),
(209, 'lucy.lefevre@example.com', 'crazycat146', 'lucy', 'lefevre', "$2y$10$RBQYMg6gls1Y562bMOyUFeX8KufShQLAKgIaheuqOu0Vg3ECHyGJ2","toto", 104, 'female', 'homosexual', NULL, -0.579717, 44.8377, '33800', 'FRANCE', 'bordeaux', 0, '2017-01-16 18:04:20', 1),
(210, 'tiago.joly@example.com', 'brownmouse160', 'tiago', 'joly', "$2y$10$RBQYMg6gls1Y562bMOyUFeX8KufShQLAKgIaheuqOu0Vg3ECHyGJ2","toto", 135, 'male', 'heterosexual', NULL, -61.0674, 14.6467, '97200', 'FRANCE', 'fort-de-france', 0, '2017-01-16 18:04:20', 1),
(211, 'emma.dumont@example.com', 'beautifulwolf661', 'emma', 'dumont', "$2y$10$RBQYMg6gls1Y562bMOyUFeX8KufShQLAKgIaheuqOu0Vg3ECHyGJ2","toto", 63, 'female', 'bisexual', NULL, 2.24636, 48.9474, '95100', 'FRANCE', 'argenteuil', 0, '2017-01-16 18:04:20', 1),
(212, 'emmie.arnaud@example.com', 'organicbear374', 'emmie', 'arnaud', "$2y$10$RBQYMg6gls1Y562bMOyUFeX8KufShQLAKgIaheuqOu0Vg3ECHyGJ2","toto", 101, 'female', 'homosexual', NULL, 3.15973, 50.7221, '59200', 'FRANCE', 'tourcoing', 0, '2017-01-16 18:04:20', 1),
(213, 'timeo.dumas@example.com', 'beautifulmeercat736', 'timeo', 'dumas', "$2y$10$RBQYMg6gls1Y562bMOyUFeX8KufShQLAKgIaheuqOu0Vg3ECHyGJ2","toto", 48, 'male', 'homosexual', NULL, 4.87866, 45.7658, '69100', 'FRANCE', 'villeurbanne', 0, '2017-01-16 18:04:20', 1),
(214, 'louna.lambert@example.com', 'purpleleopard305', 'louna', 'lambert', "$2y$10$RBQYMg6gls1Y562bMOyUFeX8KufShQLAKgIaheuqOu0Vg3ECHyGJ2","toto", 90, 'female', 'homosexual', NULL, -4.48781, 48.3897, '29200', 'FRANCE', 'brest', 0, '2017-01-16 18:04:20', 1),
(215, 'alyssa.dumas@example.com', 'smalldog171', 'alyssa', 'dumas', "$2y$10$RBQYMg6gls1Y562bMOyUFeX8KufShQLAKgIaheuqOu0Vg3ECHyGJ2","toto", 26, 'female', 'heterosexual', NULL, -0.556585, 47.4721, '49100', 'FRANCE', 'angers', 0, '2017-01-16 18:04:20', 1),
(216, 'lilly.adam@example.com', 'goldengoose544', 'lilly', 'adam', "$2y$10$RBQYMg6gls1Y562bMOyUFeX8KufShQLAKgIaheuqOu0Vg3ECHyGJ2","toto", 91, 'female', 'heterosexual', NULL, 55.4659, -21.3068, '97410', 'FRANCE', 'saint-pierre', 0, '2017-01-16 18:04:20', 1),
(217, 'maïwenn.masson@example.com', 'whitetiger636', 'maïwenn', 'masson', "$2y$10$RBQYMg6gls1Y562bMOyUFeX8KufShQLAKgIaheuqOu0Vg3ECHyGJ2","toto", 120, 'female', 'heterosexual', NULL, 4.3589, 43.8364, '30900', 'FRANCE', 'nîmes', 0, '2017-01-16 18:04:20', 1),
(218, 'kiara.guillaume@example.com', 'ticklishfish708', 'kiara', 'guillaume', "$2y$10$RBQYMg6gls1Y562bMOyUFeX8KufShQLAKgIaheuqOu0Vg3ECHyGJ2","toto", 52, 'female', 'homosexual', NULL, 3.87552, 43.611, '34080', 'FRANCE', 'montpellier', 0, '2017-01-16 18:04:20', 1),
(219, 'clémence.perrin@example.com', 'blackpanda491', 'clémence', 'perrin', "$2y$10$RBQYMg6gls1Y562bMOyUFeX8KufShQLAKgIaheuqOu0Vg3ECHyGJ2","toto", 19, 'female', 'heterosexual', NULL, 4.02751, 49.2646, '51100', 'FRANCE', 'reims', 0, '2017-01-16 18:04:20', 1),
(220, 'ethan.dufour@example.com', 'lazyrabbit360', 'ethan', 'dufour', "$2y$10$RBQYMg6gls1Y562bMOyUFeX8KufShQLAKgIaheuqOu0Vg3ECHyGJ2","toto", 62, 'male', 'homosexual', NULL, 4.02751, 49.2646, '51100', 'FRANCE', 'reims', 0, '2017-01-16 18:04:20', 1),
(221, 'séléna.simon@example.com', 'greengoose708', 'séléna', 'simon', "$2y$10$RBQYMg6gls1Y562bMOyUFeX8KufShQLAKgIaheuqOu0Vg3ECHyGJ2","toto", 132, 'female', 'bisexual', NULL, 2.28509, 48.9108, '92600', 'FRANCE', 'asnières-sur-seine', 0, '2017-01-16 18:04:20', 1),
(222, 'mahé.meunier@example.com', 'silverlion448', 'mahé', 'meunier', "$2y$10$RBQYMg6gls1Y562bMOyUFeX8KufShQLAKgIaheuqOu0Vg3ECHyGJ2","toto", 52, 'male', 'homosexual', NULL, 0.687758, 47.3918, '37200', 'FRANCE', 'tours', 0, '2017-01-16 18:04:20', 1),
(223, 'louane.lecomte@example.com', 'heavygorilla503', 'louane', 'lecomte', "$2y$10$RBQYMg6gls1Y562bMOyUFeX8KufShQLAKgIaheuqOu0Vg3ECHyGJ2","toto", 81, 'female', 'bisexual', NULL, 5.04174, 47.323, '21000', 'FRANCE', 'dijon', 0, '2017-01-16 18:04:20', 1),
(224, 'naomi.fleury@example.com', 'blackpanda987', 'naomi', 'fleury', "$2y$10$RBQYMg6gls1Y562bMOyUFeX8KufShQLAKgIaheuqOu0Vg3ECHyGJ2","toto", 130, 'female', 'homosexual', NULL, -0.579717, 44.8377, '33800', 'FRANCE', 'bordeaux', 0, '2017-01-16 18:04:20', 1),
(225, 'mylan.dasilva@example.com', 'lazyelephant358', 'mylan', 'da silva', "$2y$10$RBQYMg6gls1Y562bMOyUFeX8KufShQLAKgIaheuqOu0Vg3ECHyGJ2","toto", 66, 'male', 'heterosexual', NULL, -1.55446, 47.2164, '44300', 'FRANCE', 'nantes', 0, '2017-01-16 18:04:20', 1),
(226, 'elsa.renaud@example.com', 'purplepanda209', 'elsa', 'renaud', "$2y$10$RBQYMg6gls1Y562bMOyUFeX8KufShQLAKgIaheuqOu0Vg3ECHyGJ2","toto", 97, 'female', 'bisexual', NULL, 6.02007, 47.2422, '25000', 'FRANCE', 'besançon', 0, '2017-01-16 18:04:20', 1),
(227, 'lucy.denis@example.com', 'yellowfrog195', 'lucy', 'denis', "$2y$10$RBQYMg6gls1Y562bMOyUFeX8KufShQLAKgIaheuqOu0Vg3ECHyGJ2","toto", 29, 'female', 'heterosexual', NULL, 2.25118, 48.8971, '92400', 'FRANCE', 'courbevoie', 0, '2017-01-16 18:04:20', 1),
(228, 'lenny.leroux@example.com', 'smallbird141', 'lenny', 'leroux', "$2y$10$RBQYMg6gls1Y562bMOyUFeX8KufShQLAKgIaheuqOu0Vg3ECHyGJ2","toto", 42, 'male', 'heterosexual', NULL, 5.04174, 47.323, '21000', 'FRANCE', 'dijon', 0, '2017-01-16 18:04:20', 1),
(229, 'laly.legall@example.com', 'lazyrabbit574', 'laly', 'le gall', "$2y$10$RBQYMg6gls1Y562bMOyUFeX8KufShQLAKgIaheuqOu0Vg3ECHyGJ2","toto", 23, 'female', 'heterosexual', NULL, 3.05644, 50.6316, '59260', 'FRANCE', 'lille', 0, '2017-01-16 18:04:20', 1),
(230, 'loan.robin@example.com', 'tinygorilla286', 'loan', 'robin', "$2y$10$RBQYMg6gls1Y562bMOyUFeX8KufShQLAKgIaheuqOu0Vg3ECHyGJ2","toto", 20, 'male', 'bisexual', NULL, 5.380868299999999, 43.2875818, '13006', 'FRANCE', 'marseille', 0, '2017-01-16 18:04:20', 1),
(231, 'chloé.gauthier@example.com', 'tinycat262', 'chloé', 'gauthier', "$2y$10$RBQYMg6gls1Y562bMOyUFeX8KufShQLAKgIaheuqOu0Vg3ECHyGJ2","toto", 40, 'female', 'bisexual', NULL, 5.44502, 43.5276, '13100', 'FRANCE', 'aix-en-provence', 0, '2017-01-16 18:04:20', 1),
(232, 'thiago.hubert@example.com', 'orangebutterfly852', 'thiago', 'hubert', "$2y$10$RBQYMg6gls1Y562bMOyUFeX8KufShQLAKgIaheuqOu0Vg3ECHyGJ2","toto", 100, 'male', 'homosexual', NULL, 0.687758, 47.3918, '37200', 'FRANCE', 'tours', 0, '2017-01-16 18:04:20', 1),
(233, 'inès.adam@example.com', 'goldenelephant831', 'inès', 'adam', "$2y$10$RBQYMg6gls1Y562bMOyUFeX8KufShQLAKgIaheuqOu0Vg3ECHyGJ2","toto", 61, 'female', 'homosexual', NULL, 55.4659, -21.3068, '97410', 'FRANCE', 'saint-pierre', 0, '2017-01-16 18:04:20', 1),
(234, 'tiago.louis@example.com', 'goldenfish835', 'tiago', 'louis', "$2y$10$RBQYMg6gls1Y562bMOyUFeX8KufShQLAKgIaheuqOu0Vg3ECHyGJ2","toto", 87, 'male', 'bisexual', NULL, 0.107396, 49.4933, '76600', 'FRANCE', 'le havre', 0, '2017-01-16 18:04:20', 1),
(235, 'jean.rousseau@example.com', 'lazysnake484', 'jean', 'rousseau', "$2y$10$RBQYMg6gls1Y562bMOyUFeX8KufShQLAKgIaheuqOu0Vg3ECHyGJ2","toto", 120, 'male', 'homosexual', NULL, 4.02751, 49.2646, '51100', 'FRANCE', 'reims', 0, '2017-01-16 18:04:20', 1),
(236, 'naël.thomas@example.com', 'organicwolf124', 'naël', 'thomas', "$2y$10$RBQYMg6gls1Y562bMOyUFeX8KufShQLAKgIaheuqOu0Vg3ECHyGJ2","toto", 21, 'male', 'bisexual', NULL, 4.389, 45.4333, '42000', 'FRANCE', 'saint-étienne', 0, '2017-01-16 18:04:20', 1),
(237, 'evan.durand@example.com', 'heavyleopard664', 'evan', 'durand', "$2y$10$RBQYMg6gls1Y562bMOyUFeX8KufShQLAKgIaheuqOu0Vg3ECHyGJ2","toto", 96, 'male', 'homosexual', NULL, 2.25118, 48.8971, '92400', 'FRANCE', 'courbevoie', 0, '2017-01-16 18:04:20', 1),
(238, 'lise.vidal@example.com', 'purpleduck884', 'lise', 'vidal', "$2y$10$RBQYMg6gls1Y562bMOyUFeX8KufShQLAKgIaheuqOu0Vg3ECHyGJ2","toto", 28, 'female', 'heterosexual', NULL, 2.25217, 48.9231, '92700', 'FRANCE', 'colombes', 0, '2017-01-16 18:04:20', 1),
(239, 'lia.dufour@example.com', 'purplefish895', 'lia', 'dufour', "$2y$10$RBQYMg6gls1Y562bMOyUFeX8KufShQLAKgIaheuqOu0Vg3ECHyGJ2","toto", 22, 'female', 'bisexual', NULL, 2.37552, 51.0373, '59140', 'FRANCE', 'dunkerque', 0, '2017-01-16 18:04:20', 1),
(240, 'lilian.durand@example.com', 'tinypanda708', 'lilian', 'durand', "$2y$10$RBQYMg6gls1Y562bMOyUFeX8KufShQLAKgIaheuqOu0Vg3ECHyGJ2","toto", 71, 'male', 'bisexual', NULL, 7.26746, 43.7019, '06000', 'FRANCE', 'nice', 0, '2017-01-16 18:04:20', 1),
(241, 'alix.nicolas@example.com', 'smallladybug103', 'alix', 'nicolas', "$2y$10$RBQYMg6gls1Y562bMOyUFeX8KufShQLAKgIaheuqOu0Vg3ECHyGJ2","toto", 86, 'female', 'heterosexual', NULL, 6.18271, 48.6924, '54100', 'FRANCE', 'nancy', 0, '2017-01-16 18:04:20', 1),
(242, 'david.lefevre@example.com', 'brownswan761', 'david', 'lefevre', "$2y$10$RBQYMg6gls1Y562bMOyUFeX8KufShQLAKgIaheuqOu0Vg3ECHyGJ2","toto", 30, 'male', 'heterosexual', NULL, 2.25217, 48.9231, '92700', 'FRANCE', 'colombes', 0, '2017-01-16 18:04:20', 1),
(243, 'léane.vincent@example.com', 'bluemeercat240', 'léane', 'vincent', "$2y$10$RBQYMg6gls1Y562bMOyUFeX8KufShQLAKgIaheuqOu0Vg3ECHyGJ2","toto", 66, 'female', 'heterosexual', NULL, 2.37552, 51.0373, '59140', 'FRANCE', 'dunkerque', 0, '2017-01-16 18:04:20', 1),
(244, 'jean.moulin@example.com', 'goldenwolf570', 'jean', 'moulin', "$2y$10$RBQYMg6gls1Y562bMOyUFeX8KufShQLAKgIaheuqOu0Vg3ECHyGJ2","toto", 76, 'male', 'heterosexual', NULL, 2.25118, 48.8971, '92400', 'FRANCE', 'courbevoie', 0, '2017-01-16 18:04:20', 1),
(245, 'sélène.bertrand@example.com', 'greenbird369', 'sélène', 'bertrand', "$2y$10$RBQYMg6gls1Y562bMOyUFeX8KufShQLAKgIaheuqOu0Vg3ECHyGJ2","toto", 45, 'female', 'bisexual', NULL, 2.37552, 51.0373, '59140', 'FRANCE', 'dunkerque', 0, '2017-01-16 18:04:20', 1),
(246, 'lucile.chevalier@example.com', 'redpeacock966', 'lucile', 'chevalier', "$2y$10$RBQYMg6gls1Y562bMOyUFeX8KufShQLAKgIaheuqOu0Vg3ECHyGJ2","toto", 88, 'female', 'bisexual', NULL, 4.87866, 45.7658, '69100', 'FRANCE', 'villeurbanne', 0, '2017-01-16 18:04:20', 1),
(247, 'mélody.jean2@example.com', 'smallleopard620', 'mélody', 'jean', "$2y$10$RBQYMg6gls1Y562bMOyUFeX8KufShQLAKgIaheuqOu0Vg3ECHyGJ2","toto", 87, 'female', 'heterosexual', NULL, 5.72536, 45.1863, '38000', 'FRANCE', 'grenoble', 0, '2017-01-16 18:04:20', 1),
(248, 'hadrien.leclercq@example.com', 'blackcat244', 'hadrien', 'leclercq', "$2y$10$RBQYMg6gls1Y562bMOyUFeX8KufShQLAKgIaheuqOu0Vg3ECHyGJ2","toto", 90, 'male', 'bisexual', NULL, 5.3547034, 43.2839895, '13007', 'FRANCE', 'marseille', 0, '2017-01-16 18:04:20', 1),
(249, 'louise.barbier@example.com', 'brownsnake787', 'louise', 'barbier', "$2y$10$RBQYMg6gls1Y562bMOyUFeX8KufShQLAKgIaheuqOu0Vg3ECHyGJ2","toto", 111, 'female', 'homosexual', NULL, 2.25118, 48.8971, '92400', 'FRANCE', 'courbevoie', 0, '2017-01-16 18:04:20', 1),
(250, 'laurine.schmitt@example.com', 'brownpanda141', 'laurine', 'schmitt', "$2y$10$RBQYMg6gls1Y562bMOyUFeX8KufShQLAKgIaheuqOu0Vg3ECHyGJ2","toto", 78, 'female', 'bisexual', NULL, 4.8240999, 45.7477113, '69002', 'FRANCE', 'lyon', 0, '2017-01-16 18:04:20', 1),
(251, 'lila.philippe@example.com', 'purpleladybug264', 'lila', 'philippe', "$2y$10$RBQYMg6gls1Y562bMOyUFeX8KufShQLAKgIaheuqOu0Vg3ECHyGJ2","toto", 93, 'female', 'homosexual', NULL, -0.370637, 49.1813, '14000', 'FRANCE', 'caen', 0, '2017-01-16 18:04:20', 1),
(252, 'coline.gauthier@example.com', 'orangerabbit756', 'coline', 'gauthier', "$2y$10$RBQYMg6gls1Y562bMOyUFeX8KufShQLAKgIaheuqOu0Vg3ECHyGJ2","toto", 91, 'female', 'bisexual', NULL, 4.80759, 43.9479, '84000', 'FRANCE', 'avignon', 0, '2017-01-16 18:04:20', 1),
(253, 'léon.fontai@example.com', 'goldendog608', 'léon', 'fontai', "$2y$10$RBQYMg6gls1Y562bMOyUFeX8KufShQLAKgIaheuqOu0Vg3ECHyGJ2","toto", 71, 'male', 'heterosexual', NULL, 2.37552, 51.0373, '59140', 'FRANCE', 'dunkerque', 0, '2017-01-16 18:04:20', 1),
(254, 'garance.hubert@example.com', 'smallbird678', 'garance', 'hubert', "$2y$10$RBQYMg6gls1Y562bMOyUFeX8KufShQLAKgIaheuqOu0Vg3ECHyGJ2","toto", 78, 'female', 'heterosexual', NULL, 5.44502, 43.5276, '13100', 'FRANCE', 'aix-en-provence', 0, '2017-01-16 18:04:20', 1),
(255, 'maelya.laurent@example.com', 'goldenkoala831', 'maelya', 'laurent', "$2y$10$RBQYMg6gls1Y562bMOyUFeX8KufShQLAKgIaheuqOu0Vg3ECHyGJ2","toto", 71, 'female', 'bisexual', NULL, 2.20354, 48.8905, '92000', 'FRANCE', 'nanterre', 0, '2017-01-16 18:04:20', 1);
INSERT INTO `user` (`id`, `email`, `username`, `firstname`, `lastname`, `password`, `token`, `age`, `gender`, `attraction`, `bio`, `longitude`, `latitude`, `postal_code`, `country`, `locality`, `popularity`, `lastactivity`, `isconnected`) VALUES
(256, 'candice.dasilva@example.com', 'beautifulpeacock450', 'candice', 'da silva', "$2y$10$RBQYMg6gls1Y562bMOyUFeX8KufShQLAKgIaheuqOu0Vg3ECHyGJ2","toto", 33, 'female', 'bisexual', NULL, -61.0674, 14.6467, '97200', 'FRANCE', 'fort-de-france', 0, '2017-01-16 18:04:20', 1),
(257, 'enola.rolland@example.com', 'lazyswan959', 'enola', 'rolland', "$2y$10$RBQYMg6gls1Y562bMOyUFeX8KufShQLAKgIaheuqOu0Vg3ECHyGJ2","toto", 76, 'female', 'heterosexual', NULL, 2.38197, 48.9104, '93300', 'FRANCE', 'aubervilliers', 0, '2017-01-16 18:04:20', 1),
(258, 'ninon.moulin@example.com', 'redfrog116', 'ninon', 'moulin', "$2y$10$RBQYMg6gls1Y562bMOyUFeX8KufShQLAKgIaheuqOu0Vg3ECHyGJ2","toto", 122, 'female', 'bisexual', NULL, 4.3589, 43.8364, '30900', 'FRANCE', 'nîmes', 0, '2017-01-16 18:04:20', 1),
(259, 'alicia.noel@example.com', 'biglion230', 'alicia', 'noel', "$2y$10$RBQYMg6gls1Y562bMOyUFeX8KufShQLAKgIaheuqOu0Vg3ECHyGJ2","toto", 108, 'female', 'bisexual', NULL, 1.10176, 49.4428, '76100', 'FRANCE', 'rouen', 0, '2017-01-16 18:04:20', 1),
(260, 'diego.simon@example.com', 'redpanda383', 'diego', 'simon', "$2y$10$RBQYMg6gls1Y562bMOyUFeX8KufShQLAKgIaheuqOu0Vg3ECHyGJ2","toto", 28, 'male', 'homosexual', NULL, 4.02751, 49.2646, '51100', 'FRANCE', 'reims', 0, '2017-01-16 18:04:20', 1),
(261, 'titouan.renard@example.com', 'beautifultiger956', 'titouan', 'renard', "$2y$10$RBQYMg6gls1Y562bMOyUFeX8KufShQLAKgIaheuqOu0Vg3ECHyGJ2","toto", 27, 'male', 'heterosexual', NULL, 7.33802, 47.7485, '68100', 'FRANCE', 'mulhouse', 0, '2017-01-16 18:04:20', 1),
(262, 'emmie.perrin@example.com', 'blackbutterfly934', 'emmie', 'perrin', "$2y$10$RBQYMg6gls1Y562bMOyUFeX8KufShQLAKgIaheuqOu0Vg3ECHyGJ2","toto", 67, 'female', 'bisexual', NULL, 55.4475, -20.9417, '97400', 'FRANCE', 'saint-denis', 0, '2017-01-16 18:04:20', 1),
(263, 'anatole.moreau@example.com', 'bluewolf930', 'anatole', 'moreau', "$2y$10$RBQYMg6gls1Y562bMOyUFeX8KufShQLAKgIaheuqOu0Vg3ECHyGJ2","toto", 65, 'male', 'bisexual', NULL, 1.90384, 47.902, '45100', 'FRANCE', 'orléans', 0, '2017-01-16 18:04:20', 1),
(264, 'ninon.deschamps@example.com', 'purpleostrich250', 'ninon', 'deschamps', "$2y$10$RBQYMg6gls1Y562bMOyUFeX8KufShQLAKgIaheuqOu0Vg3ECHyGJ2","toto", 103, 'female', 'bisexual', NULL, -1.68163, 48.1138, '35700', 'FRANCE', 'rennes', 0, '2017-01-16 18:04:20', 1),
(265, 'lucien.muller@example.com', 'lazymouse164', 'lucien', 'muller', "$2y$10$RBQYMg6gls1Y562bMOyUFeX8KufShQLAKgIaheuqOu0Vg3ECHyGJ2","toto", 26, 'male', 'homosexual', NULL, 4.855386999999999, 45.75826, '69003', 'FRANCE', 'lyon', 0, '2017-01-16 18:04:20', 1),
(266, 'ethan.charles@example.com', 'biggorilla680', 'ethan', 'charles', "$2y$10$RBQYMg6gls1Y562bMOyUFeX8KufShQLAKgIaheuqOu0Vg3ECHyGJ2","toto", 45, 'male', 'homosexual', NULL, 0.334224, 46.5797, '86000', 'FRANCE', 'poitiers', 0, '2017-01-16 18:04:20', 1),
(267, 'tim.dupuis@example.com', 'lazyduck500', 'tim', 'dupuis', "$2y$10$RBQYMg6gls1Y562bMOyUFeX8KufShQLAKgIaheuqOu0Vg3ECHyGJ2","toto", 18, 'male', 'homosexual', NULL, -4.48781, 48.3897, '29200', 'FRANCE', 'brest', 0, '2017-01-16 18:04:20', 1),
(268, 'naël.renard@example.com', 'whitebird193', 'naël', 'renard', "$2y$10$RBQYMg6gls1Y562bMOyUFeX8KufShQLAKgIaheuqOu0Vg3ECHyGJ2","toto", 32, 'male', 'bisexual', NULL, 2.20354, 48.8905, '92000', 'FRANCE', 'nanterre', 0, '2017-01-16 18:04:20', 1),
(269, 'enzo.moreau@example.com', 'bluelion252', 'enzo', 'moreau', "$2y$10$RBQYMg6gls1Y562bMOyUFeX8KufShQLAKgIaheuqOu0Vg3ECHyGJ2","toto", 64, 'male', 'heterosexual', NULL, 0.687758, 47.3918, '37200', 'FRANCE', 'tours', 0, '2017-01-16 18:04:20', 1),
(270, 'alexia.renard@example.com', 'goldendog992', 'alexia', 'renard', "$2y$10$RBQYMg6gls1Y562bMOyUFeX8KufShQLAKgIaheuqOu0Vg3ECHyGJ2","toto", 85, 'female', 'heterosexual', NULL, 3.05644, 50.6316, '59260', 'FRANCE', 'lille', 0, '2017-01-16 18:04:20', 1),
(271, 'adèle.moreau@example.com', 'goldenfrog855', 'adèle', 'moreau', "$2y$10$RBQYMg6gls1Y562bMOyUFeX8KufShQLAKgIaheuqOu0Vg3ECHyGJ2","toto", 50, 'female', 'heterosexual', NULL, 2.49223, 48.9361, '93600', 'FRANCE', 'aulnay-sous-bois', 0, '2017-01-16 18:04:20', 1),
(272, 'noemie.legall@example.com', 'lazyelephant834', 'noemie', 'le gall', "$2y$10$RBQYMg6gls1Y562bMOyUFeX8KufShQLAKgIaheuqOu0Vg3ECHyGJ2","toto", 114, 'female', 'heterosexual', NULL, 1.26077, 45.8338, '87000', 'FRANCE', 'limoges', 0, '2017-01-16 18:04:20', 1),
(273, 'aurélien.adam@example.com', 'crazydog166', 'aurélien', 'adam', "$2y$10$RBQYMg6gls1Y562bMOyUFeX8KufShQLAKgIaheuqOu0Vg3ECHyGJ2","toto", 80, 'male', 'homosexual', NULL, 1.44102, 43.6043, '31400', 'FRANCE', 'toulouse', 0, '2017-01-16 18:04:20', 1),
(274, 'victoria.olivier@example.com', 'bluepeacock968', 'victoria', 'olivier', "$2y$10$RBQYMg6gls1Y562bMOyUFeX8KufShQLAKgIaheuqOu0Vg3ECHyGJ2","toto", 20, 'female', 'homosexual', NULL, 2.18738, 48.8778, '92500', 'FRANCE', 'rueil-malmaison', 0, '2017-01-16 18:04:20', 1),
(275, 'constance.pierre@example.com', 'bluecat440', 'constance', 'pierre', "$2y$10$RBQYMg6gls1Y562bMOyUFeX8KufShQLAKgIaheuqOu0Vg3ECHyGJ2","toto", 119, 'female', 'bisexual', NULL, -0.556585, 47.4721, '49100', 'FRANCE', 'angers', 0, '2017-01-16 18:04:20', 1),
(276, 'elio.fernandez@example.com', 'heavylion524', 'elio', 'fernandez', "$2y$10$RBQYMg6gls1Y562bMOyUFeX8KufShQLAKgIaheuqOu0Vg3ECHyGJ2","toto", 85, 'male', 'heterosexual', NULL, 4.3589, 43.8364, '30900', 'FRANCE', 'nîmes', 0, '2017-01-16 18:04:20', 1),
(277, 'hélèna.durand@example.com', 'purplebutterfly965', 'hélèna', 'durand', "$2y$10$RBQYMg6gls1Y562bMOyUFeX8KufShQLAKgIaheuqOu0Vg3ECHyGJ2","toto", 41, 'female', 'heterosexual', NULL, 1.26077, 45.8338, '87000', 'FRANCE', 'limoges', 0, '2017-01-16 18:04:20', 1),
(278, 'julian.noel@example.com', 'goldentiger866', 'julian', 'noel', "$2y$10$RBQYMg6gls1Y562bMOyUFeX8KufShQLAKgIaheuqOu0Vg3ECHyGJ2","toto", 88, 'male', 'heterosexual', NULL, 1.90384, 47.902, '45100', 'FRANCE', 'orléans', 0, '2017-01-16 18:04:20', 1),
(279, 'elisa.louis@example.com', 'whitedog566', 'elisa', 'louis', "$2y$10$RBQYMg6gls1Y562bMOyUFeX8KufShQLAKgIaheuqOu0Vg3ECHyGJ2","toto", 133, 'female', 'homosexual', NULL, 2.39159, 48.7872, '94400', 'FRANCE', 'vitry-sur-seine', 0, '2017-01-16 18:04:20', 1),
(280, 'valentine.rousseau@example.com', 'greentiger164', 'valentine', 'rousseau', "$2y$10$RBQYMg6gls1Y562bMOyUFeX8KufShQLAKgIaheuqOu0Vg3ECHyGJ2","toto", 105, 'female', 'heterosexual', NULL, 0.195522, 48.0033, '72100', 'FRANCE', 'le mans', 0, '2017-01-16 18:04:20', 1),
(281, 'fanny.robert@example.com', 'whitemouse317', 'fanny', 'robert', "$2y$10$RBQYMg6gls1Y562bMOyUFeX8KufShQLAKgIaheuqOu0Vg3ECHyGJ2","toto", 118, 'female', 'heterosexual', NULL, -1.68163, 48.1138, '35700', 'FRANCE', 'rennes', 0, '2017-01-16 18:04:20', 1),
(282, 'emeline.colin@example.com', 'crazylion210', 'emeline', 'colin', "$2y$10$RBQYMg6gls1Y562bMOyUFeX8KufShQLAKgIaheuqOu0Vg3ECHyGJ2","toto", 104, 'female', 'homosexual', NULL, 5.72536, 45.1863, '38000', 'FRANCE', 'grenoble', 0, '2017-01-16 18:04:20', 1),
(283, 'léandro.leclercq@example.com', 'blueelephant958', 'léandro', 'leclercq', "$2y$10$RBQYMg6gls1Y562bMOyUFeX8KufShQLAKgIaheuqOu0Vg3ECHyGJ2","toto", 63, 'male', 'heterosexual', NULL, 4.389, 45.4333, '42000', 'FRANCE', 'saint-étienne', 0, '2017-01-16 18:04:20', 1),
(284, 'inès.vincent@example.com', 'smallladybug351', 'inès', 'vincent', "$2y$10$RBQYMg6gls1Y562bMOyUFeX8KufShQLAKgIaheuqOu0Vg3ECHyGJ2","toto", 127, 'female', 'homosexual', NULL, 2.51518, 48.8166, '94500', 'FRANCE', 'champigny-sur-marne', 0, '2017-01-16 18:04:20', 1),
(285, 'valentine.petit@example.com', 'tinytiger960', 'valentine', 'petit', "$2y$10$RBQYMg6gls1Y562bMOyUFeX8KufShQLAKgIaheuqOu0Vg3ECHyGJ2","toto", 45, 'female', 'heterosexual', NULL, 2.49223, 48.9361, '93600', 'FRANCE', 'aulnay-sous-bois', 0, '2017-01-16 18:04:20', 1),
(286, 'joshua.louis@example.com', 'browngoose504', 'joshua', 'louis', "$2y$10$RBQYMg6gls1Y562bMOyUFeX8KufShQLAKgIaheuqOu0Vg3ECHyGJ2","toto", 65, 'male', 'heterosexual', NULL, 2.13405, 48.8045, '78000', 'FRANCE', 'versailles', 0, '2017-01-16 18:04:20', 1),
(287, 'adèle.guillaume@example.com', 'ticklishswan946', 'adèle', 'guillaume', "$2y$10$RBQYMg6gls1Y562bMOyUFeX8KufShQLAKgIaheuqOu0Vg3ECHyGJ2","toto", 82, 'female', 'bisexual', NULL, -1.68163, 48.1138, '35700', 'FRANCE', 'rennes', 0, '2017-01-16 18:04:20', 1),
(288, 'marin.barbier@example.com', 'silverfrog150', 'marin', 'barbier', "$2y$10$RBQYMg6gls1Y562bMOyUFeX8KufShQLAKgIaheuqOu0Vg3ECHyGJ2","toto", 37, 'male', 'heterosexual', NULL, 2.13405, 48.8045, '78000', 'FRANCE', 'versailles', 0, '2017-01-16 18:04:20', 1),
(289, 'victoria.masson@example.com', 'organicbird689', 'victoria', 'masson', "$2y$10$RBQYMg6gls1Y562bMOyUFeX8KufShQLAKgIaheuqOu0Vg3ECHyGJ2","toto", 136, 'female', 'bisexual', NULL, 0.107396, 49.4933, '76600', 'FRANCE', 'le havre', 0, '2017-01-16 18:04:20', 1),
(290, 'marin.dumont@example.com', 'bluefrog905', 'marin', 'dumont', "$2y$10$RBQYMg6gls1Y562bMOyUFeX8KufShQLAKgIaheuqOu0Vg3ECHyGJ2","toto", 136, 'male', 'heterosexual', NULL, 2.45294, 48.7776, '94000', 'FRANCE', 'créteil', 0, '2017-01-16 18:04:20', 1),
(291, 'nolhan.marie@example.com', 'greenmouse369', 'nolhan', 'marie', "$2y$10$RBQYMg6gls1Y562bMOyUFeX8KufShQLAKgIaheuqOu0Vg3ECHyGJ2","toto", 35, 'male', 'homosexual', NULL, 3.1794, 50.6889, '59100', 'FRANCE', 'roubaix', 0, '2017-01-16 18:04:20', 1),
(292, 'thaïs.lucas2@example.com', 'organicmouse960', 'thaïs', 'lucas', "$2y$10$RBQYMg6gls1Y562bMOyUFeX8KufShQLAKgIaheuqOu0Vg3ECHyGJ2","toto", 24, 'female', 'heterosexual', NULL, 2.37552, 51.0373, '59140', 'FRANCE', 'dunkerque', 0, '2017-01-16 18:04:20', 1),
(293, 'lino.gonzalez@example.com', 'purplebird490', 'lino', 'gonzalez', "$2y$10$RBQYMg6gls1Y562bMOyUFeX8KufShQLAKgIaheuqOu0Vg3ECHyGJ2","toto", 130, 'male', 'heterosexual', NULL, -0.556585, 47.4721, '49100', 'FRANCE', 'angers', 0, '2017-01-16 18:04:20', 1),
(294, 'edouard.moreau@example.com', 'greenfish808', 'edouard', 'moreau', "$2y$10$RBQYMg6gls1Y562bMOyUFeX8KufShQLAKgIaheuqOu0Vg3ECHyGJ2","toto", 121, 'male', 'heterosexual', NULL, 2.37552, 51.0373, '59140', 'FRANCE', 'dunkerque', 0, '2017-01-16 18:04:20', 1),
(295, 'ryan.bertrand@example.com', 'yellowbutterfly253', 'ryan', 'bertrand', "$2y$10$RBQYMg6gls1Y562bMOyUFeX8KufShQLAKgIaheuqOu0Vg3ECHyGJ2","toto", 130, 'male', 'homosexual', NULL, 7.33802, 47.7485, '68100', 'FRANCE', 'mulhouse', 0, '2017-01-16 18:04:20', 1),
(296, 'sarah.rey@example.com', 'blueelephant968', 'sarah', 'rey', "$2y$10$RBQYMg6gls1Y562bMOyUFeX8KufShQLAKgIaheuqOu0Vg3ECHyGJ2","toto", 137, 'female', 'bisexual', NULL, 4.8243491, 45.78095219999999, '69004', 'FRANCE', 'lyon', 0, '2017-01-16 18:04:20', 1),
(297, 'emmy.noel@example.com', 'whiteduck366', 'emmy', 'noel', "$2y$10$RBQYMg6gls1Y562bMOyUFeX8KufShQLAKgIaheuqOu0Vg3ECHyGJ2","toto", 59, 'female', 'heterosexual', NULL, 4.80759, 43.9479, '84000', 'FRANCE', 'avignon', 0, '2017-01-16 18:04:20', 1),
(298, 'camille.lambert@example.com', 'tinypanda391', 'camille', 'lambert', "$2y$10$RBQYMg6gls1Y562bMOyUFeX8KufShQLAKgIaheuqOu0Vg3ECHyGJ2","toto", 104, 'female', 'homosexual', NULL, 2.13405, 48.8045, '78000', 'FRANCE', 'versailles', 0, '2017-01-16 18:04:20', 1),
(299, 'jeanne.dubois@example.com', 'tinygorilla968', 'jeanne', 'dubois', "$2y$10$RBQYMg6gls1Y562bMOyUFeX8KufShQLAKgIaheuqOu0Vg3ECHyGJ2","toto", 21, 'female', 'homosexual', NULL, 5.3819969, 43.25424, '13008', 'FRANCE', 'marseille', 0, '2017-01-16 18:04:20', 1),
(300, 'amandine.meyer@example.com', 'goldencat492', 'amandine', 'meyer', "$2y$10$RBQYMg6gls1Y562bMOyUFeX8KufShQLAKgIaheuqOu0Vg3ECHyGJ2","toto", 43, 'female', 'homosexual', NULL, 3.1794, 50.6889, '59100', 'FRANCE', 'roubaix', 0, '2017-01-16 18:04:20', 1),
(301, 'lyam.marchand@example.com', 'lazyfish981', 'lyam', 'marchand', "$2y$10$RBQYMg6gls1Y562bMOyUFeX8KufShQLAKgIaheuqOu0Vg3ECHyGJ2","toto", 59, 'male', 'heterosexual', NULL, 2.24118, 48.8349, '92100', 'FRANCE', 'boulogne-billancourt', 0, '2017-01-16 18:04:20', 1),
(302, 'fabien.noel@example.com', 'yellowelephant382', 'fabien', 'noel', "$2y$10$RBQYMg6gls1Y562bMOyUFeX8KufShQLAKgIaheuqOu0Vg3ECHyGJ2","toto", 129, 'male', 'bisexual', NULL, 3.05644, 50.6316, '59260', 'FRANCE', 'lille', 0, '2017-01-16 18:04:20', 1),
(303, 'morgan.picard@example.com', 'heavymeercat141', 'morgan', 'picard', "$2y$10$RBQYMg6gls1Y562bMOyUFeX8KufShQLAKgIaheuqOu0Vg3ECHyGJ2","toto", 30, 'male', 'bisexual', NULL, -1.68163, 48.1138, '35700', 'FRANCE', 'rennes', 0, '2017-01-16 18:04:20', 1),
(304, 'pauline.dumont@example.com', 'ticklishladybug946', 'pauline', 'dumont', "$2y$10$RBQYMg6gls1Y562bMOyUFeX8KufShQLAKgIaheuqOu0Vg3ECHyGJ2","toto", 59, 'female', 'heterosexual', NULL, 4.7990749, 45.7582622, '69005', 'FRANCE', 'lyon', 0, '2017-01-16 18:04:20', 1),
(305, 'malo.menard@example.com', 'bluegorilla831', 'malo', 'menard', "$2y$10$RBQYMg6gls1Y562bMOyUFeX8KufShQLAKgIaheuqOu0Vg3ECHyGJ2","toto", 120, 'male', 'heterosexual', NULL, 3.1794, 50.6889, '59100', 'FRANCE', 'roubaix', 0, '2017-01-16 18:04:20', 1),
(306, 'noemie.martinez@example.com', 'ticklishbird944', 'noemie', 'martinez', "$2y$10$RBQYMg6gls1Y562bMOyUFeX8KufShQLAKgIaheuqOu0Vg3ECHyGJ2","toto", 106, 'female', 'bisexual', NULL, 2.28509, 48.9108, '92600', 'FRANCE', 'asnières-sur-seine', 0, '2017-01-19 04:14:20', 1),
(307, 'eléonore.guillaume@example.com', 'redgorilla742', 'eléonore', 'guillaume', "$2y$10$RBQYMg6gls1Y562bMOyUFeX8KufShQLAKgIaheuqOu0Vg3ECHyGJ2","toto", 75, 'female', 'homosexual', NULL, 2.25118, 48.8971, '92400', 'FRANCE', 'courbevoie', 0, '2017-01-16 18:04:20', 1),
(308, 'axel.girard@example.com', 'lazyfish200', 'axel', 'girard', "$2y$10$RBQYMg6gls1Y562bMOyUFeX8KufShQLAKgIaheuqOu0Vg3ECHyGJ2","toto", 102, 'male', 'homosexual', NULL, 6.02007, 47.2422, '25000', 'FRANCE', 'besançon', 0, '2017-01-16 18:04:20', 1),
(309, 'enora.philippe@example.com', 'silverlion733', 'enora', 'philippe', "$2y$10$RBQYMg6gls1Y562bMOyUFeX8KufShQLAKgIaheuqOu0Vg3ECHyGJ2","toto", 134, 'female', 'heterosexual', NULL, 2.18738, 48.8778, '92500', 'FRANCE', 'rueil-malmaison', 0, '2017-01-16 18:04:20', 1),
(310, 'matéo.fernandez@example.com', 'smalllion650', 'matéo', 'fernandez', "$2y$10$RBQYMg6gls1Y562bMOyUFeX8KufShQLAKgIaheuqOu0Vg3ECHyGJ2","toto", 19, 'male', 'homosexual', NULL, 4.8501975,45.7751072, '69006', 'FRANCE', 'lyon', 0, '2017-01-16 18:04:20', 1),
(311, 'léon.lemoine@example.com', 'purpleleopard691', 'léon', 'lemoine', "$2y$10$RBQYMg6gls1Y562bMOyUFeX8KufShQLAKgIaheuqOu0Vg3ECHyGJ2","toto", 30, 'male', 'homosexual', NULL, 2.38197, 48.9104, '93300', 'FRANCE', 'aubervilliers', 0, '2017-01-16 18:04:20', 1),
(312, 'maya.martin@example.com', 'bluebird474', 'maya', 'martin', "$2y$10$RBQYMg6gls1Y562bMOyUFeX8KufShQLAKgIaheuqOu0Vg3ECHyGJ2","toto", 29, 'female', 'bisexual', NULL, 2.39159, 48.7872, '94400', 'FRANCE', 'vitry-sur-seine', 0, '2017-01-16 18:04:20', 1),
(313, 'mylan.adam@example.com', 'purpleswan714', 'mylan', 'adam', "$2y$10$RBQYMg6gls1Y562bMOyUFeX8KufShQLAKgIaheuqOu0Vg3ECHyGJ2","toto", 64, 'male', 'heterosexual', NULL, 2.39159, 48.7872, '94400', 'FRANCE', 'vitry-sur-seine', 0, '2017-01-16 18:04:20', 1),
(314, 'guillaume.blanc@example.com', 'smallbutterfly882', 'guillaume', 'blanc', "$2y$10$RBQYMg6gls1Y562bMOyUFeX8KufShQLAKgIaheuqOu0Vg3ECHyGJ2","toto", 131, 'male', 'homosexual', NULL, 2.25217, 48.9231, '92700', 'FRANCE', 'colombes', 0, '2017-01-16 18:04:20', 1),
(315, 'mylan.blanc@example.com', 'redpanda645', 'mylan', 'blanc', "$2y$10$RBQYMg6gls1Y562bMOyUFeX8KufShQLAKgIaheuqOu0Vg3ECHyGJ2","toto", 86, 'male', 'bisexual', NULL, 7.26746, 43.7019, '06000', 'FRANCE', 'nice', 0, '2017-01-16 18:04:20', 1),
(316, 'côme.joly@example.com', 'greensnake534', 'côme', 'joly', "$2y$10$RBQYMg6gls1Y562bMOyUFeX8KufShQLAKgIaheuqOu0Vg3ECHyGJ2","toto", 74, 'male', 'homosexual', NULL, 7.26746, 43.7019, '06000', 'FRANCE', 'nice', 0, '2017-01-16 18:04:20', 1),
(317, 'eléna.bernard@example.com', 'redgorilla434', 'eléna', 'bernard', "$2y$10$RBQYMg6gls1Y562bMOyUFeX8KufShQLAKgIaheuqOu0Vg3ECHyGJ2","toto", 20, 'female', 'bisexual', NULL, 5.72536, 45.1863, '38000', 'FRANCE', 'grenoble', 0, '2017-01-16 18:04:20', 1),
(318, 'claire.lemaire@example.com', 'purplewolf884', 'claire', 'lemaire', "$2y$10$RBQYMg6gls1Y562bMOyUFeX8KufShQLAKgIaheuqOu0Vg3ECHyGJ2","toto", 21, 'female', 'heterosexual', NULL, 2.24118, 48.8349, '92100', 'FRANCE', 'boulogne-billancourt', 0, '2017-01-16 18:04:20', 1),
(319, 'emeline.dumas@example.com', 'greendog632', 'emeline', 'dumas', "$2y$10$RBQYMg6gls1Y562bMOyUFeX8KufShQLAKgIaheuqOu0Vg3ECHyGJ2","toto", 58, 'female', 'homosexual', NULL, 2.38197, 48.9104, '93300', 'FRANCE', 'aubervilliers', 0, '2017-01-16 18:04:20', 1),
(320, 'noham.martin@example.com', 'smallgoose337', 'noham', 'martin', "$2y$10$RBQYMg6gls1Y562bMOyUFeX8KufShQLAKgIaheuqOu0Vg3ECHyGJ2","toto", 28, 'male', 'heterosexual', NULL, 3.05644, 50.6316, '59260', 'FRANCE', 'lille', 0, '2017-01-16 18:04:20', 1),
(321, 'maëlle.bertrand@example.com', 'heavyladybug821', 'maëlle', 'bertrand', "$2y$10$RBQYMg6gls1Y562bMOyUFeX8KufShQLAKgIaheuqOu0Vg3ECHyGJ2","toto", 60, 'female', 'heterosexual', NULL, 1.76383, 50.4629, '62170', 'FRANCE', 'montreuil', 0, '2017-01-16 18:04:20', 1),
(322, 'livia.dufour@example.com', 'smallcat778', 'livia', 'dufour', "$2y$10$RBQYMg6gls1Y562bMOyUFeX8KufShQLAKgIaheuqOu0Vg3ECHyGJ2","toto", 108, 'female', 'heterosexual', NULL, 1.44102, 43.6043, '31400', 'FRANCE', 'toulouse', 0, '2017-01-16 18:04:20', 1),
(323, 'emmy.philippe@example.com', 'brownleopard619', 'emmy', 'philippe', "$2y$10$RBQYMg6gls1Y562bMOyUFeX8KufShQLAKgIaheuqOu0Vg3ECHyGJ2","toto", 63, 'female', 'heterosexual', NULL, 4.87866, 45.7658, '69100', 'FRANCE', 'villeurbanne', 0, '2017-01-16 18:04:20', 1),
(324, 'andréa.michel@example.com', 'purplebird427', 'andréa', 'michel', "$2y$10$RBQYMg6gls1Y562bMOyUFeX8KufShQLAKgIaheuqOu0Vg3ECHyGJ2","toto", 20, 'female', 'bisexual', NULL, 2.49223, 48.9361, '93600', 'FRANCE', 'aulnay-sous-bois', 0, '2017-01-16 18:04:20', 1),
(325, 'charles.blanc@example.com', 'bluemouse904', 'charles', 'blanc', "$2y$10$RBQYMg6gls1Y562bMOyUFeX8KufShQLAKgIaheuqOu0Vg3ECHyGJ2","toto", 57, 'male', 'heterosexual', NULL, 2.28509, 48.9108, '92600', 'FRANCE', 'asnières-sur-seine', 0, '2017-01-16 18:04:20', 1),
(326, 'maëlys.garnier@example.com', 'goldengoose727', 'maëlys', 'garnier', "$2y$10$RBQYMg6gls1Y562bMOyUFeX8KufShQLAKgIaheuqOu0Vg3ECHyGJ2","toto", 46, 'female', 'homosexual', NULL, 7.74674, 48.5835, '67100', 'FRANCE', 'strasbourg', 0, '2017-01-16 18:04:20', 1),
(327, 'emmy.rey@example.com', 'silversnake491', 'emmy', 'rey', "$2y$10$RBQYMg6gls1Y562bMOyUFeX8KufShQLAKgIaheuqOu0Vg3ECHyGJ2","toto", 24, 'female', 'homosexual', NULL, 1.90384, 47.902, '45100', 'FRANCE', 'orléans', 0, '2017-01-16 18:04:20', 1),
(328, 'thibaut.guerin@example.com', 'heavytiger188', 'thibaut', 'guerin', "$2y$10$RBQYMg6gls1Y562bMOyUFeX8KufShQLAKgIaheuqOu0Vg3ECHyGJ2","toto", 45, 'male', 'homosexual', NULL, 4.8399378, 45.7304251, '69007', 'FRANCE', 'lyon', 0, '2017-01-16 18:04:20', 1),
(329, 'pierre.caron@example.com', 'smallpeacock422', 'pierre', 'caron', "$2y$10$RBQYMg6gls1Y562bMOyUFeX8KufShQLAKgIaheuqOu0Vg3ECHyGJ2","toto", 112, 'male', 'homosexual', NULL, 2.20354, 48.8905, '92000', 'FRANCE', 'nanterre', 0, '2017-01-16 18:04:20', 1),
(330, 'nicolas.gonzalez@example.com', 'crazykoala143', 'nicolas', 'gonzalez', "$2y$10$RBQYMg6gls1Y562bMOyUFeX8KufShQLAKgIaheuqOu0Vg3ECHyGJ2","toto", 45, 'male', 'homosexual', NULL, 3.05644, 50.6316, '59260', 'FRANCE', 'lille', 0, '2017-01-16 18:04:20', 1),
(331, 'agathe.petit@example.com', 'purplemouse381', 'agathe', 'petit', "$2y$10$RBQYMg6gls1Y562bMOyUFeX8KufShQLAKgIaheuqOu0Vg3ECHyGJ2","toto", 24, 'female', 'homosexual', NULL, 4.80759, 43.9479, '84000', 'FRANCE', 'avignon', 0, '2017-01-16 18:04:20', 1),
(332, 'ambre.adam@example.com', 'smallmouse882', 'ambre', 'adam', "$2y$10$RBQYMg6gls1Y562bMOyUFeX8KufShQLAKgIaheuqOu0Vg3ECHyGJ2","toto", 73, 'female', 'homosexual', NULL, 4.02751, 49.2646, '51100', 'FRANCE', 'reims', 0, '2017-01-16 18:04:20', 1),
(333, 'cléa.dufour@example.com', 'crazygoose982', 'cléa', 'dufour', "$2y$10$RBQYMg6gls1Y562bMOyUFeX8KufShQLAKgIaheuqOu0Vg3ECHyGJ2","toto", 25, 'female', 'heterosexual', NULL, 5.44502, 43.5276, '13100', 'FRANCE', 'aix-en-provence', 0, '2017-01-16 18:04:20', 1),
(334, 'maëlia.bourgeois@example.com', 'crazyswan877', 'maëlia', 'bourgeois', "$2y$10$RBQYMg6gls1Y562bMOyUFeX8KufShQLAKgIaheuqOu0Vg3ECHyGJ2","toto", 86, 'female', 'homosexual', NULL, 4.80759, 43.9479, '84000', 'FRANCE', 'avignon', 0, '2017-01-16 18:04:20', 1),
(335, 'mathieu.arnaud@example.com', 'heavygorilla961', 'mathieu', 'arnaud', "$2y$10$RBQYMg6gls1Y562bMOyUFeX8KufShQLAKgIaheuqOu0Vg3ECHyGJ2","toto", 133, 'male', 'homosexual', NULL, 7.33802, 47.7485, '68100', 'FRANCE', 'mulhouse', 0, '2017-01-16 18:04:20', 1),
(336, 'laura.rolland@example.com', 'blackduck580', 'laura', 'rolland', "$2y$10$RBQYMg6gls1Y562bMOyUFeX8KufShQLAKgIaheuqOu0Vg3ECHyGJ2","toto", 79, 'female', 'bisexual', NULL, 5.44502, 43.5276, '13100', 'FRANCE', 'aix-en-provence', 0, '2017-01-16 18:04:20', 1),
(337, 'apolline.clement@example.com', 'goldenwolf899', 'apolline', 'clement', "$2y$10$RBQYMg6gls1Y562bMOyUFeX8KufShQLAKgIaheuqOu0Vg3ECHyGJ2","toto", 64, 'female', 'heterosexual', NULL, 2.24636, 48.9474, '95100', 'FRANCE', 'argenteuil', 0, '2017-01-16 18:04:20', 1),
(338, 'sara.philippe@example.com', 'beautifulswan168', 'sara', 'philippe', "$2y$10$RBQYMg6gls1Y562bMOyUFeX8KufShQLAKgIaheuqOu0Vg3ECHyGJ2","toto", 87, 'female', 'homosexual', NULL, 1.26077, 45.8338, '87000', 'FRANCE', 'limoges', 0, '2017-01-16 18:04:20', 1),
(339, 'lucy.gauthier@example.com', 'yellowfrog726', 'lucy', 'gauthier', "$2y$10$RBQYMg6gls1Y562bMOyUFeX8KufShQLAKgIaheuqOu0Vg3ECHyGJ2","toto", 57, 'female', 'heterosexual', NULL, 0.334224, 46.5797, '86000', 'FRANCE', 'poitiers', 0, '2017-01-16 18:04:20', 1),
(340, 'eve.gauthier@example.com', 'smallfrog755', 'eve', 'gauthier', "$2y$10$RBQYMg6gls1Y562bMOyUFeX8KufShQLAKgIaheuqOu0Vg3ECHyGJ2","toto", 57, 'female', 'heterosexual', NULL, 2.89395, 42.6971, '66100', 'FRANCE', 'perpignan', 0, '2017-01-16 18:04:20', 1),
(341, 'isaac.vincent@example.com', 'silverostrich656', 'isaac', 'vincent', "$2y$10$RBQYMg6gls1Y562bMOyUFeX8KufShQLAKgIaheuqOu0Vg3ECHyGJ2","toto", 53, 'male', 'heterosexual', NULL, 4.80759, 43.9479, '84000', 'FRANCE', 'avignon', 0, '2017-01-16 18:04:20', 1),
(342, 'louison.mercier@example.com', 'yellowduck225', 'louison', 'mercier', "$2y$10$RBQYMg6gls1Y562bMOyUFeX8KufShQLAKgIaheuqOu0Vg3ECHyGJ2","toto", 88, 'male', 'homosexual', NULL, 7.26746, 43.7019, '06000', 'FRANCE', 'nice', 0, '2017-01-16 18:04:20', 1),
(343, 'maëly.gauthier@example.com', 'ticklishleopard767', 'maëly', 'gauthier', "$2y$10$RBQYMg6gls1Y562bMOyUFeX8KufShQLAKgIaheuqOu0Vg3ECHyGJ2","toto", 24, 'female', 'homosexual', NULL, 1.76383, 50.4629, '62170', 'FRANCE', 'montreuil', 0, '2017-01-16 18:04:20', 1),
(344, 'louisa.duval@example.com', 'organicdog880', 'louisa', 'duval', "$2y$10$RBQYMg6gls1Y562bMOyUFeX8KufShQLAKgIaheuqOu0Vg3ECHyGJ2","toto", 91, 'female', 'homosexual', NULL, 4.869616499999999, 45.7315386, '69008', 'FRANCE', 'lyon', 0, '2017-01-16 18:04:20', 1),
(345, 'anna.dupuis@example.com', 'yellowfrog930', 'anna', 'dupuis', "$2y$10$RBQYMg6gls1Y562bMOyUFeX8KufShQLAKgIaheuqOu0Vg3ECHyGJ2","toto", 83, 'female', 'heterosexual', NULL, 0.195522, 48.0033, '72100', 'FRANCE', 'le mans', 0, '2017-01-16 18:04:20', 1),
(346, 'valentine.fabre@example.com', 'redsnake338', 'valentine', 'fabre', "$2y$10$RBQYMg6gls1Y562bMOyUFeX8KufShQLAKgIaheuqOu0Vg3ECHyGJ2","toto", 77, 'female', 'bisexual', NULL, 0.687758, 47.3918, '37200', 'FRANCE', 'tours', 0, '2017-01-16 18:04:20', 1),
(347, 'marceau.lambert@example.com', 'blackwolf794', 'marceau', 'lambert', "$2y$10$RBQYMg6gls1Y562bMOyUFeX8KufShQLAKgIaheuqOu0Vg3ECHyGJ2","toto", 29, 'male', 'homosexual', NULL, 2.39159, 48.7872, '94400', 'FRANCE', 'vitry-sur-seine', 0, '2017-01-16 18:04:20', 1),
(348, 'lukas.noel@example.com', 'tinykoala726', 'lukas', 'noel', "$2y$10$RBQYMg6gls1Y562bMOyUFeX8KufShQLAKgIaheuqOu0Vg3ECHyGJ2","toto", 23, 'male', 'homosexual', NULL, -4.48781, 48.3897, '29200', 'FRANCE', 'brest', 0, '2017-01-16 18:04:20', 1),
(349, 'johan.riviere@example.com', 'yellowfish960', 'johan', 'riviere', "$2y$10$RBQYMg6gls1Y562bMOyUFeX8KufShQLAKgIaheuqOu0Vg3ECHyGJ2","toto", 135, 'male', 'bisexual', NULL, 6.17603, 49.1191, '57050', 'FRANCE', 'metz', 0, '2017-01-16 18:04:20', 1),
(350, 'inès.vincent2@example.com', 'greenleopard476', 'inès', 'vincent', "$2y$10$RBQYMg6gls1Y562bMOyUFeX8KufShQLAKgIaheuqOu0Vg3ECHyGJ2","toto", 136, 'female', 'homosexual', NULL, 5.93047, 43.124, '83100', 'FRANCE', 'toulon', 0, '2017-01-16 18:04:20', 1),
(351, 'matéo.mathieu@example.com', 'blackbear833', 'matéo', 'mathieu', "$2y$10$RBQYMg6gls1Y562bMOyUFeX8KufShQLAKgIaheuqOu0Vg3ECHyGJ2","toto", 110, 'male', 'homosexual', NULL, 1.76383, 50.4629, '62170', 'FRANCE', 'montreuil', 0, '2017-01-16 18:04:20', 1),
(352, 'léandre.durand@example.com', 'organicpeacock332', 'léandre', 'durand', "$2y$10$RBQYMg6gls1Y562bMOyUFeX8KufShQLAKgIaheuqOu0Vg3ECHyGJ2","toto", 58, 'male', 'bisexual', NULL, 7.33802, 47.7485, '68100', 'FRANCE', 'mulhouse', 0, '2017-01-16 18:04:20', 1),
(353, 'edgar.guerin@example.com', 'organicrabbit316', 'edgar', 'guerin', "$2y$10$RBQYMg6gls1Y562bMOyUFeX8KufShQLAKgIaheuqOu0Vg3ECHyGJ2","toto", 29, 'male', 'heterosexual', NULL, 7.33802, 47.7485, '68100', 'FRANCE', 'mulhouse', 0, '2017-01-16 18:04:20', 1),
(354, 'enora.roussel@example.com', 'purplegorilla755', 'enora', 'roussel', "$2y$10$RBQYMg6gls1Y562bMOyUFeX8KufShQLAKgIaheuqOu0Vg3ECHyGJ2","toto", 100, 'female', 'heterosexual', NULL, 6.17603, 49.1191, '57050', 'FRANCE', 'metz', 0, '2017-01-16 18:04:20', 1),
(355, 'claire.legrand@example.com', 'bluemouse372', 'claire', 'legrand', "$2y$10$RBQYMg6gls1Y562bMOyUFeX8KufShQLAKgIaheuqOu0Vg3ECHyGJ2","toto", 83, 'female', 'homosexual', NULL, 2.25217, 48.9231, '92700', 'FRANCE', 'colombes', 0, '2017-01-16 18:04:20', 1),
(356, 'louna.arnaud@example.com', 'redfrog852', 'louna', 'arnaud', "$2y$10$RBQYMg6gls1Y562bMOyUFeX8KufShQLAKgIaheuqOu0Vg3ECHyGJ2","toto", 110, 'female', 'heterosexual', NULL, 4.389, 45.4333, '42000', 'FRANCE', 'saint-étienne', 0, '2017-01-16 18:04:20', 1),
(357, 'lily.colin@example.com', 'browntiger970', 'lily', 'colin', "$2y$10$RBQYMg6gls1Y562bMOyUFeX8KufShQLAKgIaheuqOu0Vg3ECHyGJ2","toto", 79, 'female', 'heterosexual', NULL, 1.90384, 47.902, '45100', 'FRANCE', 'orléans', 0, '2017-01-16 18:04:20', 1),
(358, 'enora.dumas@example.com', 'whiteladybug372', 'enora', 'dumas', "$2y$10$RBQYMg6gls1Y562bMOyUFeX8KufShQLAKgIaheuqOu0Vg3ECHyGJ2","toto", 132, 'female', 'homosexual', NULL, 6.02007, 47.2422, '25000', 'FRANCE', 'besançon', 0, '2017-01-16 18:04:20', 1),
(359, 'martin.marchand@example.com', 'yellowlion533', 'martin', 'marchand', "$2y$10$RBQYMg6gls1Y562bMOyUFeX8KufShQLAKgIaheuqOu0Vg3ECHyGJ2","toto", 91, 'male', 'bisexual', NULL, 4.80759, 43.9479, '84000', 'FRANCE', 'avignon', 0, '2017-01-16 18:04:20', 1),
(360, 'léonard.bourgeois@example.com', 'bluerabbit664', 'léonard', 'bourgeois', "$2y$10$RBQYMg6gls1Y562bMOyUFeX8KufShQLAKgIaheuqOu0Vg3ECHyGJ2","toto", 54, 'male', 'homosexual', NULL, 3.15973, 50.7221, '59200', 'FRANCE', 'tourcoing', 0, '2017-01-16 18:04:20', 1),
(361, 'enora.dupuis@example.com', 'yellowrabbit747', 'enora', 'dupuis', "$2y$10$RBQYMg6gls1Y562bMOyUFeX8KufShQLAKgIaheuqOu0Vg3ECHyGJ2","toto", 124, 'female', 'bisexual', NULL, 1.90384, 47.902, '45100', 'FRANCE', 'orléans', 0, '2017-01-16 18:04:20', 1),
(362, 'leana.leroux@example.com', 'beautifultiger257', 'leana', 'leroux', "$2y$10$RBQYMg6gls1Y562bMOyUFeX8KufShQLAKgIaheuqOu0Vg3ECHyGJ2","toto", 72, 'female', 'bisexual', NULL, 7.26746, 43.7019, '06000', 'FRANCE', 'nice', 0, '2017-01-16 18:04:20', 1),
(363, 'nicolas.garcia@example.com', 'bigrabbit400', 'nicolas', 'garcia', "$2y$10$RBQYMg6gls1Y562bMOyUFeX8KufShQLAKgIaheuqOu0Vg3ECHyGJ2","toto", 48, 'male', 'heterosexual', NULL, 4.80759, 43.9479, '84000', 'FRANCE', 'avignon', 0, '2017-01-16 18:04:20', 1),
(364, 'lola.dumont@example.com', 'organiclion681', 'lola', 'dumont', "$2y$10$RBQYMg6gls1Y562bMOyUFeX8KufShQLAKgIaheuqOu0Vg3ECHyGJ2","toto", 134, 'female', 'homosexual', NULL, 2.38197, 48.9104, '93300', 'FRANCE', 'aubervilliers', 0, '2017-01-16 18:04:20', 1),
(365, 'johan.charles@example.com', 'whiteswan572', 'johan', 'charles', "$2y$10$RBQYMg6gls1Y562bMOyUFeX8KufShQLAKgIaheuqOu0Vg3ECHyGJ2","toto", 76, 'male', 'heterosexual', NULL, 2.13405, 48.8045, '78000', 'FRANCE', 'versailles', 0, '2017-01-16 18:04:20', 1),
(366, 'valentine.moreau@example.com', 'silverduck215', 'valentine', 'moreau', "$2y$10$RBQYMg6gls1Y562bMOyUFeX8KufShQLAKgIaheuqOu0Vg3ECHyGJ2","toto", 19, 'female', 'heterosexual', NULL, 5.93047, 43.124, '83100', 'FRANCE', 'toulon', 0, '2017-01-16 18:04:20', 1),
(367, 'lise.charles@example.com', 'bluecat634', 'lise', 'charles', "$2y$10$RBQYMg6gls1Y562bMOyUFeX8KufShQLAKgIaheuqOu0Vg3ECHyGJ2","toto", 87, 'female', 'heterosexual', NULL, 7.33802, 47.7485, '68100', 'FRANCE', 'mulhouse', 0, '2017-01-16 18:04:20', 1),
(368, 'aaron.denis@example.com', 'ticklishkoala528', 'aaron', 'denis', "$2y$10$RBQYMg6gls1Y562bMOyUFeX8KufShQLAKgIaheuqOu0Vg3ECHyGJ2","toto", 72, 'male', 'bisexual', NULL, 2.20354, 48.8905, '92000', 'FRANCE', 'nanterre', 0, '2017-01-16 18:04:20', 1),
(369, 'tom.chevalier@example.com', 'beautifulbird576', 'tom', 'chevalier', "$2y$10$RBQYMg6gls1Y562bMOyUFeX8KufShQLAKgIaheuqOu0Vg3ECHyGJ2","toto", 67, 'male', 'bisexual', NULL, 1.44102, 43.6043, '31400', 'FRANCE', 'toulouse', 0, '2017-01-16 18:04:20', 1),
(370, 'hector.chevalier@example.com', 'crazymeercat657', 'hector', 'chevalier', "$2y$10$RBQYMg6gls1Y562bMOyUFeX8KufShQLAKgIaheuqOu0Vg3ECHyGJ2","toto", 49, 'male', 'heterosexual', NULL, 3.87552, 43.611, '34080', 'FRANCE', 'montpellier', 0, '2017-01-16 18:04:20', 1),
(371, 'lina.sanchez@example.com', 'goldenbear861', 'lina', 'sanchez', "$2y$10$RBQYMg6gls1Y562bMOyUFeX8KufShQLAKgIaheuqOu0Vg3ECHyGJ2","toto", 53, 'female', 'homosexual', NULL, -0.556585, 47.4721, '49100', 'FRANCE', 'angers', 0, '2017-01-16 18:04:20', 1),
(372, 'edouard.leclercq@example.com', 'smallkoala422', 'edouard', 'leclercq', "$2y$10$RBQYMg6gls1Y562bMOyUFeX8KufShQLAKgIaheuqOu0Vg3ECHyGJ2","toto", 108, 'male', 'heterosexual', NULL, -0.556585, 47.4721, '49100', 'FRANCE', 'angers', 0, '2017-01-16 18:04:20', 1),
(373, 'sara.brunet@example.com', 'brownladybug617', 'sara', 'brunet', "$2y$10$RBQYMg6gls1Y562bMOyUFeX8KufShQLAKgIaheuqOu0Vg3ECHyGJ2","toto", 137, 'female', 'bisexual', NULL, 2.13405, 48.8045, '78000', 'FRANCE', 'versailles', 0, '2017-01-16 18:04:20', 1),
(374, 'valentina.fabre@example.com', 'crazyduck166', 'valentina', 'fabre', "$2y$10$RBQYMg6gls1Y562bMOyUFeX8KufShQLAKgIaheuqOu0Vg3ECHyGJ2","toto", 76, 'female', 'heterosexual', NULL, -0.556585, 47.4721, '49100', 'FRANCE', 'angers', 0, '2017-01-16 18:04:20', 1),
(375, 'maélie.garnier@example.com', 'organicwolf330', 'maélie', 'garnier', "$2y$10$RBQYMg6gls1Y562bMOyUFeX8KufShQLAKgIaheuqOu0Vg3ECHyGJ2","toto", 53, 'female', 'homosexual', NULL, -61.0674, 14.6467, '97200', 'FRANCE', 'fort-de-france', 0, '2017-01-16 18:04:20', 1),
(376, 'rémy.caron@example.com', 'heavykoala819', 'rémy', 'caron', "$2y$10$RBQYMg6gls1Y562bMOyUFeX8KufShQLAKgIaheuqOu0Vg3ECHyGJ2","toto", 74, 'male', 'heterosexual', NULL, 2.37552, 51.0373, '59140', 'FRANCE', 'dunkerque', 0, '2017-01-16 18:04:20', 1),
(377, 'léane.petit@example.com', 'crazypanda840', 'léane', 'petit', "$2y$10$RBQYMg6gls1Y562bMOyUFeX8KufShQLAKgIaheuqOu0Vg3ECHyGJ2","toto", 95, 'female', 'heterosexual', NULL, 1.90384, 47.902, '45100', 'FRANCE', 'orléans', 0, '2017-01-16 18:04:20', 1),
(378, 'victoire.jean@example.com', 'beautifulbear740', 'victoire', 'jean', "$2y$10$RBQYMg6gls1Y562bMOyUFeX8KufShQLAKgIaheuqOu0Vg3ECHyGJ2","toto", 44, 'female', 'bisexual', NULL, 1.10176, 49.4428, '76100', 'FRANCE', 'rouen', 0, '2017-01-16 18:04:20', 1),
(379, 'léandro.durand@example.com', 'brownsnake228', 'léandro', 'durand', "$2y$10$RBQYMg6gls1Y562bMOyUFeX8KufShQLAKgIaheuqOu0Vg3ECHyGJ2","toto", 54, 'male', 'bisexual', NULL, -1.55446, 47.2164, '44300', 'FRANCE', 'nantes', 0, '2017-01-16 18:04:20', 1),
(380, 'léane.schmitt@example.com', 'whiteduck877', 'léane', 'schmitt', "$2y$10$RBQYMg6gls1Y562bMOyUFeX8KufShQLAKgIaheuqOu0Vg3ECHyGJ2","toto", 103, 'female', 'homosexual', NULL, 2.18738, 48.8778, '92500', 'FRANCE', 'rueil-malmaison', 0, '2017-01-16 18:04:20', 1),
(381, 'basile.nguyen@example.com', 'bigsnake544', 'basile', 'nguyen', "$2y$10$RBQYMg6gls1Y562bMOyUFeX8KufShQLAKgIaheuqOu0Vg3ECHyGJ2","toto", 122, 'male', 'bisexual', NULL, 2.13405, 48.8045, '78000', 'FRANCE', 'versailles', 0, '2017-01-16 18:04:20', 1),
(382, 'marceau.roussel@example.com', 'redleopard420', 'marceau', 'roussel', "$2y$10$RBQYMg6gls1Y562bMOyUFeX8KufShQLAKgIaheuqOu0Vg3ECHyGJ2","toto", 111, 'male', 'homosexual', NULL, 6.17603, 49.1191, '57050', 'FRANCE', 'metz', 0, '2017-01-16 18:04:20', 1),
(383, 'louisa.leclerc@example.com', 'whiteladybug114', 'louisa', 'leclerc', "$2y$10$RBQYMg6gls1Y562bMOyUFeX8KufShQLAKgIaheuqOu0Vg3ECHyGJ2","toto", 36, 'female', 'homosexual', NULL, 3.05644, 50.6316, '59260', 'FRANCE', 'lille', 0, '2017-01-16 18:04:20', 1),
(384, 'tristan.meunier@example.com', 'bluepeacock536', 'tristan', 'meunier', "$2y$10$RBQYMg6gls1Y562bMOyUFeX8KufShQLAKgIaheuqOu0Vg3ECHyGJ2","toto", 58, 'male', 'bisexual', NULL, 5.4463322, 43.2290357, '13009', 'FRANCE', 'marseille', 0, '2017-01-16 18:04:20', 1),
(385, 'chiara.rousseau@example.com', 'blueladybug951', 'chiara', 'rousseau', "$2y$10$RBQYMg6gls1Y562bMOyUFeX8KufShQLAKgIaheuqOu0Vg3ECHyGJ2","toto", 120, 'female', 'heterosexual', NULL, 4.3589, 43.8364, '30900', 'FRANCE', 'nîmes', 0, '2017-01-16 18:04:20', 1),
(386, 'aurore.david@example.com', 'silverpeacock425', 'aurore', 'david', "$2y$10$RBQYMg6gls1Y562bMOyUFeX8KufShQLAKgIaheuqOu0Vg3ECHyGJ2","toto", 54, 'female', 'bisexual', NULL, -1.55446, 47.2164, '44300', 'FRANCE', 'nantes', 0, '2017-01-16 18:04:20', 1),
(387, 'lia.bernard@example.com', 'bigostrich401', 'lia', 'bernard', "$2y$10$RBQYMg6gls1Y562bMOyUFeX8KufShQLAKgIaheuqOu0Vg3ECHyGJ2","toto", 28, 'female', 'heterosexual', NULL, -1.55446, 47.2164, '44300', 'FRANCE', 'nantes', 0, '2017-01-16 18:04:20', 1),
(388, 'joris.gauthier@example.com', 'greenrabbit814', 'joris', 'gauthier', "$2y$10$RBQYMg6gls1Y562bMOyUFeX8KufShQLAKgIaheuqOu0Vg3ECHyGJ2","toto", 124, 'male', 'bisexual', NULL, 3.1794, 50.6889, '59100', 'FRANCE', 'roubaix', 0, '2017-01-16 18:04:20', 1),
(389, 'mia.arnaud@example.com', 'greengoose857', 'mia', 'arnaud', "$2y$10$RBQYMg6gls1Y562bMOyUFeX8KufShQLAKgIaheuqOu0Vg3ECHyGJ2","toto", 127, 'female', 'heterosexual', NULL, 7.74674, 48.5835, '67100', 'FRANCE', 'strasbourg', 0, '2017-01-16 18:04:20', 1),
(390, 'malone.dasilva@example.com', 'bigtiger192', 'malone', 'da silva', "$2y$10$RBQYMg6gls1Y562bMOyUFeX8KufShQLAKgIaheuqOu0Vg3ECHyGJ2","toto", 24, 'male', 'homosexual', NULL, 2.39159, 48.7872, '94400', 'FRANCE', 'vitry-sur-seine', 0, '2017-01-16 18:04:20', 1),
(391, 'lilian.noel@example.com', 'purplecat957', 'lilian', 'noel', "$2y$10$RBQYMg6gls1Y562bMOyUFeX8KufShQLAKgIaheuqOu0Vg3ECHyGJ2","toto", 47, 'male', 'homosexual', NULL, 6.18271, 48.6924, '54100', 'FRANCE', 'nancy', 0, '2017-01-16 18:04:20', 1),
(392, 'elliot.petit@example.com', 'yellowgorilla446', 'elliot', 'petit', "$2y$10$RBQYMg6gls1Y562bMOyUFeX8KufShQLAKgIaheuqOu0Vg3ECHyGJ2","toto", 45, 'male', 'homosexual', NULL, 7.74674, 48.5835, '67100', 'FRANCE', 'strasbourg', 0, '2017-01-16 18:04:20', 1),
(393, 'maxime.legrand@example.com', 'crazypanda726', 'maxime', 'legrand', "$2y$10$RBQYMg6gls1Y562bMOyUFeX8KufShQLAKgIaheuqOu0Vg3ECHyGJ2","toto", 99, 'male', 'heterosexual', NULL, 2.49223, 48.9361, '93600', 'FRANCE', 'aulnay-sous-bois', 0, '2017-01-16 18:04:20', 1),
(394, 'tim.lacroix@example.com', 'organicdog389', 'tim', 'lacroix', "$2y$10$RBQYMg6gls1Y562bMOyUFeX8KufShQLAKgIaheuqOu0Vg3ECHyGJ2","toto", 33, 'male', 'heterosexual', NULL, 7.33802, 47.7485, '68100', 'FRANCE', 'mulhouse', 0, '2017-01-16 18:04:20', 1),
(395, 'nathanaël.lambert@example.com', 'bluefrog802', 'nathanaël', 'lambert', "$2y$10$RBQYMg6gls1Y562bMOyUFeX8KufShQLAKgIaheuqOu0Vg3ECHyGJ2","toto", 135, 'male', 'homosexual', NULL, 1.90384, 47.902, '45100', 'FRANCE', 'orléans', 0, '2017-01-16 18:04:20', 1),
(396, 'tristan.roux@example.com', 'whitelion817', 'tristan', 'roux', "$2y$10$RBQYMg6gls1Y562bMOyUFeX8KufShQLAKgIaheuqOu0Vg3ECHyGJ2","toto", 108, 'male', 'bisexual', NULL, 6.17603, 49.1191, '57050', 'FRANCE', 'metz', 0, '2017-01-16 18:04:20', 1),
(397, 'alicia.lecomte@example.com', 'biglion570', 'alicia', 'lecomte', "$2y$10$RBQYMg6gls1Y562bMOyUFeX8KufShQLAKgIaheuqOu0Vg3ECHyGJ2","toto", 123, 'female', 'homosexual', NULL, 0.107396, 49.4933, '76600', 'FRANCE', 'le havre', 0, '2017-01-16 18:04:20', 1),
(398, 'norah.brun@example.com', 'bluemouse129', 'norah', 'brun', "$2y$10$RBQYMg6gls1Y562bMOyUFeX8KufShQLAKgIaheuqOu0Vg3ECHyGJ2","toto", 136, 'female', 'bisexual', NULL, 2.3518339, 48.8434912, '75005', 'FRANCE', 'paris', 0, '2017-01-16 18:04:20', 1),
(399, 'morgane.robert@example.com', 'purplesnake614', 'morgane', 'robert', "$2y$10$RBQYMg6gls1Y562bMOyUFeX8KufShQLAKgIaheuqOu0Vg3ECHyGJ2","toto", 89, 'female', 'homosexual', NULL, 2.89395, 42.6971, '66100', 'FRANCE', 'perpignan', 0, '2017-01-16 18:04:20', 1),
(400, 'eve.philippe@example.com', 'orangemeercat903', 'eve', 'philippe', "$2y$10$RBQYMg6gls1Y562bMOyUFeX8KufShQLAKgIaheuqOu0Vg3ECHyGJ2","toto", 100, 'female', 'heterosexual', NULL, 3.87552, 43.611, '34080', 'FRANCE', 'montpellier', 0, '2017-01-16 18:04:20', 1),
(401, 'lucas.louis@example.com', 'crazymeercat408', 'lucas', 'louis', "$2y$10$RBQYMg6gls1Y562bMOyUFeX8KufShQLAKgIaheuqOu0Vg3ECHyGJ2","toto", 20, 'male', 'heterosexual', NULL, -0.370637, 49.1813, '14000', 'FRANCE', 'caen', 0, '2017-01-16 18:04:20', 1),
(402, 'olivia.girard@example.com', 'beautifulpanda705', 'olivia', 'girard', "$2y$10$RBQYMg6gls1Y562bMOyUFeX8KufShQLAKgIaheuqOu0Vg3ECHyGJ2","toto", 94, 'female', 'homosexual', NULL, 3.05644, 50.6316, '59260', 'FRANCE', 'lille', 0, '2017-01-16 18:04:20', 1),
(403, 'sélène.michel@example.com', 'lazyduck322', 'sélène', 'michel', "$2y$10$RBQYMg6gls1Y562bMOyUFeX8KufShQLAKgIaheuqOu0Vg3ECHyGJ2","toto", 110, 'female', 'heterosexual', NULL, 2.37552, 51.0373, '59140', 'FRANCE', 'dunkerque', 0, '2017-01-16 18:04:20', 1),
(404, 'zoé.thomas@example.com', 'ticklishbutterfly183', 'zoé', 'thomas', "$2y$10$RBQYMg6gls1Y562bMOyUFeX8KufShQLAKgIaheuqOu0Vg3ECHyGJ2","toto", 120, 'female', 'bisexual', NULL, 7.26746, 43.7019, '06000', 'FRANCE', 'nice', 0, '2017-01-16 18:04:20', 1),
(405, 'pauline.richard@example.com', 'crazybird425', 'pauline', 'richard', "$2y$10$RBQYMg6gls1Y562bMOyUFeX8KufShQLAKgIaheuqOu0Vg3ECHyGJ2","toto", 41, 'female', 'bisexual', NULL, 2.3354223, 48.8488576, '75006', 'FRANCE', 'paris', 0, '2017-01-16 18:04:20', 1),
(406, 'eline.colin@example.com', 'purpleleopard356', 'eline', 'colin', "$2y$10$RBQYMg6gls1Y562bMOyUFeX8KufShQLAKgIaheuqOu0Vg3ECHyGJ2","toto", 42, 'female', 'bisexual', NULL, 7.33802, 47.7485, '68100', 'FRANCE', 'mulhouse', 0, '2017-01-16 18:04:20', 1),
(407, 'gabin.denis@example.com', 'lazygorilla392', 'gabin', 'denis', "$2y$10$RBQYMg6gls1Y562bMOyUFeX8KufShQLAKgIaheuqOu0Vg3ECHyGJ2","toto", 44, 'male', 'homosexual', NULL, 6.17603, 49.1191, '57050', 'FRANCE', 'metz', 0, '2017-01-16 18:04:20', 1),
(408, 'lilou.barbier@example.com', 'heavywolf599', 'lilou', 'barbier', "$2y$10$RBQYMg6gls1Y562bMOyUFeX8KufShQLAKgIaheuqOu0Vg3ECHyGJ2","toto", 57, 'female', 'homosexual', NULL, 55.4475, -20.9417, '97400', 'FRANCE', 'saint-denis', 0, '2017-01-16 18:04:20', 1),
(409, 'livia.rey@example.com', 'bluecat451', 'livia', 'rey', "$2y$10$RBQYMg6gls1Y562bMOyUFeX8KufShQLAKgIaheuqOu0Vg3ECHyGJ2","toto", 80, 'female', 'heterosexual', NULL, 5.04174, 47.323, '21000', 'FRANCE', 'dijon', 0, '2017-01-16 18:04:20', 1),
(410, 'noah.dumont@example.com', 'silvertiger627', 'noah', 'dumont', "$2y$10$RBQYMg6gls1Y562bMOyUFeX8KufShQLAKgIaheuqOu0Vg3ECHyGJ2","toto", 42, 'male', 'heterosexual', NULL, 0.107396, 49.4933, '76600', 'FRANCE', 'le havre', 0, '2017-01-16 18:04:20', 1),
(411, 'lila.leroux@example.com', 'organicpanda940', 'lila', 'leroux', "$2y$10$RBQYMg6gls1Y562bMOyUFeX8KufShQLAKgIaheuqOu0Vg3ECHyGJ2","toto", 64, 'female', 'homosexual', NULL, 1.10176, 49.4428, '76100', 'FRANCE', 'rouen', 0, '2017-01-16 18:04:20', 1),
(412, 'eloïse.dupont@example.com', 'beautifulleopard819', 'eloïse', 'dupont', "$2y$10$RBQYMg6gls1Y562bMOyUFeX8KufShQLAKgIaheuqOu0Vg3ECHyGJ2","toto", 91, 'female', 'bisexual', NULL, 3.1794, 50.6889, '59100', 'FRANCE', 'roubaix', 0, '2017-01-16 18:04:20', 1),
(413, 'paul.lucas@example.com', 'smallbear177', 'paul', 'lucas', "$2y$10$RBQYMg6gls1Y562bMOyUFeX8KufShQLAKgIaheuqOu0Vg3ECHyGJ2","toto", 29, 'male', 'homosexual', NULL, 2.39159, 48.7872, '94400', 'FRANCE', 'vitry-sur-seine', 0, '2017-01-16 18:04:20', 1),
(414, 'aurore.dupont@example.com', 'yellowlion260', 'aurore', 'dupont', "$2y$10$RBQYMg6gls1Y562bMOyUFeX8KufShQLAKgIaheuqOu0Vg3ECHyGJ2","toto", 31, 'female', 'bisexual', NULL, 3.1794, 50.6889, '59100', 'FRANCE', 'roubaix', 0, '2017-01-16 18:04:20', 1),
(415, 'eden.moulin@example.com', 'organicswan651', 'eden', 'moulin', "$2y$10$RBQYMg6gls1Y562bMOyUFeX8KufShQLAKgIaheuqOu0Vg3ECHyGJ2","toto", 137, 'female', 'bisexual', NULL, 6.02007, 47.2422, '25000', 'FRANCE', 'besançon', 0, '2017-01-16 18:04:20', 1),
(416, 'eloane.boyer@example.com', 'lazylion358', 'eloane', 'boyer', "$2y$10$RBQYMg6gls1Y562bMOyUFeX8KufShQLAKgIaheuqOu0Vg3ECHyGJ2","toto", 60, 'female', 'bisexual', NULL, 2.24636, 48.9474, '95100', 'FRANCE', 'argenteuil', 0, '2017-01-16 18:04:20', 1),
(417, 'tiago.renaud@example.com', 'orangefish884', 'tiago', 'renaud', "$2y$10$RBQYMg6gls1Y562bMOyUFeX8KufShQLAKgIaheuqOu0Vg3ECHyGJ2","toto", 135, 'male', 'homosexual', NULL, 2.38197, 48.9104, '93300', 'FRANCE', 'aubervilliers', 0, '2017-01-16 18:04:20', 1),
(418, 'alexis.fabre@example.com', 'bluekoala976', 'alexis', 'fabre', "$2y$10$RBQYMg6gls1Y562bMOyUFeX8KufShQLAKgIaheuqOu0Vg3ECHyGJ2","toto", 32, 'male', 'heterosexual', NULL, 1.10176, 49.4428, '76100', 'FRANCE', 'rouen', 0, '2017-01-16 18:04:20', 1),
(419, 'océane.leclercq@example.com', 'browngorilla701', 'océane', 'leclercq', "$2y$10$RBQYMg6gls1Y562bMOyUFeX8KufShQLAKgIaheuqOu0Vg3ECHyGJ2","toto", 85, 'female', 'homosexual', NULL, 0.195522, 48.0033, '72100', 'FRANCE', 'le mans', 0, '2017-01-16 18:04:20', 1),
(420, 'valentine.gonzalez@example.com', 'purpleswan342', 'valentine', 'gonzalez', "$2y$10$RBQYMg6gls1Y562bMOyUFeX8KufShQLAKgIaheuqOu0Vg3ECHyGJ2","toto", 121, 'female', 'bisexual', NULL, 6.18271, 48.6924, '54100', 'FRANCE', 'nancy', 0, '2017-01-16 18:04:20', 1),
(421, 'amaury.duval@example.com', 'redkoala704', 'amaury', 'duval', "$2y$10$RBQYMg6gls1Y562bMOyUFeX8KufShQLAKgIaheuqOu0Vg3ECHyGJ2","toto", 69, 'male', 'homosexual', NULL, 5.4306141, 43.2731832, '13010', 'FRANCE', 'marseille', 0, '2017-01-16 18:04:20', 1),
(422, 'valentine.duval@example.com', 'lazybear436', 'valentine', 'duval', "$2y$10$RBQYMg6gls1Y562bMOyUFeX8KufShQLAKgIaheuqOu0Vg3ECHyGJ2","toto", 36, 'female', 'bisexual', NULL, 2.28509, 48.9108, '92600', 'FRANCE', 'asnières-sur-seine', 0, '2017-01-16 18:04:20', 1),
(423, 'edgar.nguyen@example.com', 'ticklishkoala214', 'edgar', 'nguyen', "$2y$10$RBQYMg6gls1Y562bMOyUFeX8KufShQLAKgIaheuqOu0Vg3ECHyGJ2","toto", 119, 'male', 'homosexual', NULL, 0.334224, 46.5797, '86000', 'FRANCE', 'poitiers', 0, '2017-01-16 18:04:20', 1),
(424, 'milo.riviere@example.com', 'redmeercat328', 'milo', 'riviere', "$2y$10$RBQYMg6gls1Y562bMOyUFeX8KufShQLAKgIaheuqOu0Vg3ECHyGJ2","toto", 59, 'male', 'bisexual', NULL, -0.556585, 47.4721, '49100', 'FRANCE', 'angers', 0, '2017-01-16 18:04:20', 1),
(425, 'maëlia.gautier@example.com', 'blackfish713', 'maëlia', 'gautier', "$2y$10$RBQYMg6gls1Y562bMOyUFeX8KufShQLAKgIaheuqOu0Vg3ECHyGJ2","toto", 110, 'female', 'heterosexual', NULL, 3.15973, 50.7221, '59200', 'FRANCE', 'tourcoing', 0, '2017-01-16 18:04:20', 1),
(426, 'anaïs.roussel@example.com', 'smallfrog398', 'anaïs', 'roussel', "$2y$10$RBQYMg6gls1Y562bMOyUFeX8KufShQLAKgIaheuqOu0Vg3ECHyGJ2","toto", 123, 'female', 'bisexual', NULL, 6.18271, 48.6924, '54100', 'FRANCE', 'nancy', 0, '2017-01-16 18:04:20', 1),
(427, 'adèle.giraud@example.com', 'whitegorilla235', 'adèle', 'giraud', "$2y$10$RBQYMg6gls1Y562bMOyUFeX8KufShQLAKgIaheuqOu0Vg3ECHyGJ2","toto", 68, 'female', 'heterosexual', NULL, 4.8037184, 45.7699424, '69009', 'FRANCE', 'lyon', 0, '2017-01-16 18:04:20', 1),
(428, 'line.lecomte@example.com', 'lazybear483', 'line', 'lecomte', "$2y$10$RBQYMg6gls1Y562bMOyUFeX8KufShQLAKgIaheuqOu0Vg3ECHyGJ2","toto", 40, 'female', 'heterosexual', NULL, 3.05644, 50.6316, '59260', 'FRANCE', 'lille', 0, '2017-01-16 18:04:20', 1),
(429, 'fanny.sanchez@example.com', 'redcat158', 'fanny', 'sanchez', "$2y$10$RBQYMg6gls1Y562bMOyUFeX8KufShQLAKgIaheuqOu0Vg3ECHyGJ2","toto", 19, 'female', 'homosexual', NULL, -0.579717, 44.8377, '33800', 'FRANCE', 'bordeaux', 0, '2017-01-16 18:04:20', 1),
(430, 'luis.roux@example.com', 'purpledog199', 'luis', 'roux', "$2y$10$RBQYMg6gls1Y562bMOyUFeX8KufShQLAKgIaheuqOu0Vg3ECHyGJ2","toto", 59, 'male', 'bisexual', NULL, 3.05644, 50.6316, '59260', 'FRANCE', 'lille', 0, '2017-01-16 18:04:20', 1),
(431, 'diane.boyer@example.com', 'bluepeacock766', 'diane', 'boyer', "$2y$10$RBQYMg6gls1Y562bMOyUFeX8KufShQLAKgIaheuqOu0Vg3ECHyGJ2","toto", 136, 'female', 'homosexual', NULL, 6.02007, 47.2422, '25000', 'FRANCE', 'besançon', 0, '2017-01-16 18:04:20', 1),
(432, 'baptiste.bernard@example.com', 'organicmouse884', 'baptiste', 'bernard', "$2y$10$RBQYMg6gls1Y562bMOyUFeX8KufShQLAKgIaheuqOu0Vg3ECHyGJ2","toto", 59, 'male', 'heterosexual', NULL, 2.24636, 48.9474, '95100', 'FRANCE', 'argenteuil', 0, '2017-01-16 18:04:20', 1),
(433, 'clémence.roy@example.com', 'greengorilla996', 'clémence', 'roy', "$2y$10$RBQYMg6gls1Y562bMOyUFeX8KufShQLAKgIaheuqOu0Vg3ECHyGJ2","toto", 54, 'female', 'bisexual', NULL, 6.02007, 47.2422, '25000', 'FRANCE', 'besançon', 0, '2017-01-16 18:04:20', 1),
(434, 'sara.lemaire@example.com', 'beautifulpeacock771', 'sara', 'lemaire', "$2y$10$RBQYMg6gls1Y562bMOyUFeX8KufShQLAKgIaheuqOu0Vg3ECHyGJ2","toto", 63, 'female', 'homosexual', NULL, 4.389, 45.4333, '42000', 'FRANCE', 'saint-étienne', 0, '2017-01-16 18:04:20', 1),
(435, 'lola.caron@example.com', 'blackbear998', 'lola', 'caron', "$2y$10$RBQYMg6gls1Y562bMOyUFeX8KufShQLAKgIaheuqOu0Vg3ECHyGJ2","toto", 57, 'female', 'bisexual', NULL, 2.3134029, 48.85433450000001, '75007', 'FRANCE', 'paris', 0, '2017-01-16 18:04:20', 1),
(436, 'norah.aubert@example.com', 'organiclion484', 'norah', 'aubert', "$2y$10$RBQYMg6gls1Y562bMOyUFeX8KufShQLAKgIaheuqOu0Vg3ECHyGJ2","toto", 36, 'female', 'heterosexual', NULL, 2.25118, 48.8971, '92400', 'FRANCE', 'courbevoie', 0, '2017-01-16 18:04:20', 1),
(437, 'enola.bourgeois@example.com', 'heavyelephant449', 'enola', 'bourgeois', "$2y$10$RBQYMg6gls1Y562bMOyUFeX8KufShQLAKgIaheuqOu0Vg3ECHyGJ2","toto", 72, 'female', 'bisexual', NULL, 2.38197, 48.9104, '93300', 'FRANCE', 'aubervilliers', 0, '2017-01-16 18:04:20', 1),
(438, 'noemie.lemoine@example.com', 'purplekoala932', 'noemie', 'lemoine', "$2y$10$RBQYMg6gls1Y562bMOyUFeX8KufShQLAKgIaheuqOu0Vg3ECHyGJ2","toto", 41, 'female', 'heterosexual', NULL, 6.18271, 48.6924, '54100', 'FRANCE', 'nancy', 0, '2017-01-16 18:04:20', 1),
(439, 'nora.mercier@example.com', 'smallmeercat949', 'nora', 'mercier', "$2y$10$RBQYMg6gls1Y562bMOyUFeX8KufShQLAKgIaheuqOu0Vg3ECHyGJ2","toto", 86, 'female', 'heterosexual', NULL, 7.74674, 48.5835, '67100', 'FRANCE', 'strasbourg', 0, '2017-01-16 18:04:20', 1),
(440, 'lena.thomas@example.com', 'bluemeercat283', 'lena', 'thomas', "$2y$10$RBQYMg6gls1Y562bMOyUFeX8KufShQLAKgIaheuqOu0Vg3ECHyGJ2","toto", 126, 'female', 'heterosexual', NULL, 1.90384, 47.902, '45100', 'FRANCE', 'orléans', 0, '2017-01-16 18:04:20', 1),
(441, 'flavie.garnier@example.com', 'whiteostrich102', 'flavie', 'garnier', "$2y$10$RBQYMg6gls1Y562bMOyUFeX8KufShQLAKgIaheuqOu0Vg3ECHyGJ2","toto", 60, 'female', 'bisexual', NULL, -0.370637, 49.1813, '14000', 'FRANCE', 'caen', 0, '2017-01-16 18:04:20', 1),
(442, 'abel.bernard@example.com', 'tinyleopard154', 'abel', 'bernard', "$2y$10$RBQYMg6gls1Y562bMOyUFeX8KufShQLAKgIaheuqOu0Vg3ECHyGJ2","toto", 40, 'male', 'homosexual', NULL, 0.107396, 49.4933, '76600', 'FRANCE', 'le havre', 0, '2017-01-16 18:04:20', 1),
(443, 'pauline.chevalier@example.com', 'bluefrog767', 'pauline', 'chevalier', "$2y$10$RBQYMg6gls1Y562bMOyUFeX8KufShQLAKgIaheuqOu0Vg3ECHyGJ2","toto", 58, 'female', 'homosexual', NULL, 0.195522, 48.0033, '72100', 'FRANCE', 'le mans', 0, '2017-01-16 18:04:20', 1),
(444, 'clémence.marchand@example.com', 'bigswan810', 'clémence', 'marchand', "$2y$10$RBQYMg6gls1Y562bMOyUFeX8KufShQLAKgIaheuqOu0Vg3ECHyGJ2","toto", 101, 'female', 'heterosexual', NULL, 0.195522, 48.0033, '72100', 'FRANCE', 'le mans', 0, '2017-01-16 18:04:20', 1),
(445, 'mélody.jean@example.com', 'heavyfrog305', 'mélody', 'jean', "$2y$10$RBQYMg6gls1Y562bMOyUFeX8KufShQLAKgIaheuqOu0Vg3ECHyGJ2","toto", 75, 'female', 'bisexual', NULL, 4.7990749, 45.7582622, '69005', 'FRANCE', 'lyon', 0, '2017-01-16 18:04:20', 1),
(446, 'zoé.masson@example.com', 'redgoose282', 'zoé', 'masson', "$2y$10$RBQYMg6gls1Y562bMOyUFeX8KufShQLAKgIaheuqOu0Vg3ECHyGJ2","toto", 19, 'female', 'heterosexual', NULL, 1.44102, 43.6043, '31400', 'FRANCE', 'toulouse', 0, '2017-01-16 18:04:20', 1),
(447, 'pauline.dubois@example.com', 'greenfrog699', 'pauline', 'dubois', "$2y$10$RBQYMg6gls1Y562bMOyUFeX8KufShQLAKgIaheuqOu0Vg3ECHyGJ2","toto", 49, 'female', 'heterosexual', NULL, 5.72536, 45.1863, '38000', 'FRANCE', 'grenoble', 0, '2017-01-16 18:04:20', 1),
(448, 'louison.hubert@example.com', 'smallpanda525', 'louison', 'hubert', "$2y$10$RBQYMg6gls1Y562bMOyUFeX8KufShQLAKgIaheuqOu0Vg3ECHyGJ2","toto", 51, 'male', 'bisexual', NULL, 2.45294, 48.7776, '94000', 'FRANCE', 'créteil', 0, '2017-01-16 18:04:20', 1),
(449, 'ugo.chevalier@example.com', 'crazyelephant492', 'ugo', 'chevalier', "$2y$10$RBQYMg6gls1Y562bMOyUFeX8KufShQLAKgIaheuqOu0Vg3ECHyGJ2","toto", 111, 'male', 'homosexual', NULL, 6.18271, 48.6924, '54100', 'FRANCE', 'nancy', 0, '2017-01-16 18:04:20', 1),
(450, 'inès.duval@example.com', 'brownmouse731', 'inès', 'duval', "$2y$10$RBQYMg6gls1Y562bMOyUFeX8KufShQLAKgIaheuqOu0Vg3ECHyGJ2","toto", 133, 'female', 'bisexual', NULL, 1.44102, 43.6043, '31400', 'FRANCE', 'toulouse', 0, '2017-01-16 18:04:20', 1),
(451, 'fanny.marchand@example.com', 'biglion469', 'fanny', 'marchand', "$2y$10$RBQYMg6gls1Y562bMOyUFeX8KufShQLAKgIaheuqOu0Vg3ECHyGJ2","toto", 61, 'female', 'homosexual', NULL, -61.0674, 14.6467, '97200', 'FRANCE', 'fort-de-france', 0, '2017-01-16 18:04:20', 1),
(452, 'alexandre.martinez@example.com', 'beautifuldog872', 'alexandre', 'martinez', "$2y$10$RBQYMg6gls1Y562bMOyUFeX8KufShQLAKgIaheuqOu0Vg3ECHyGJ2","toto", 71, 'male', 'homosexual', NULL, -1.68163, 48.1138, '35700', 'FRANCE', 'rennes', 0, '2017-01-16 18:04:20', 1),
(453, 'alex.leroux@example.com', 'ticklishbird674', 'alex', 'leroux', "$2y$10$RBQYMg6gls1Y562bMOyUFeX8KufShQLAKgIaheuqOu0Vg3ECHyGJ2","toto", 102, 'male', 'heterosexual', NULL, -0.370637, 49.1813, '14000', 'FRANCE', 'caen', 0, '2017-01-16 18:04:20', 1),
(454, 'aaron.louis@example.com', 'lazyfish160', 'aaron', 'louis', "$2y$10$RBQYMg6gls1Y562bMOyUFeX8KufShQLAKgIaheuqOu0Vg3ECHyGJ2","toto", 125, 'male', 'bisexual', NULL, 2.49223, 48.9361, '93600', 'FRANCE', 'aulnay-sous-bois', 0, '2017-01-16 18:04:20', 1),
(455, 'apolline.gaillard@example.com', 'crazykoala437', 'apolline', 'gaillard', "$2y$10$RBQYMg6gls1Y562bMOyUFeX8KufShQLAKgIaheuqOu0Vg3ECHyGJ2","toto", 117, 'female', 'bisexual', NULL, 7.33802, 47.7485, '68100', 'FRANCE', 'mulhouse', 0, '2017-01-16 18:04:20', 1),
(456, 'romane.lucas@example.com', 'whitegorilla606', 'romane', 'lucas', "$2y$10$RBQYMg6gls1Y562bMOyUFeX8KufShQLAKgIaheuqOu0Vg3ECHyGJ2","toto", 82, 'female', 'bisexual', NULL, 1.76383, 50.4629, '62170', 'FRANCE', 'montreuil', 0, '2017-01-16 18:04:20', 1),
(457, 'estéban.dumas@example.com', 'goldenfrog547', 'estéban', 'dumas', "$2y$10$RBQYMg6gls1Y562bMOyUFeX8KufShQLAKgIaheuqOu0Vg3ECHyGJ2","toto", 99, 'male', 'bisexual', NULL, 2.29639, 49.8915, '80080', 'FRANCE', 'amiens', 0, '2017-01-16 18:04:20', 1),
(458, 'isaac.dasilva@example.com', 'bigbutterfly902', 'isaac', 'da silva', "$2y$10$RBQYMg6gls1Y562bMOyUFeX8KufShQLAKgIaheuqOu0Vg3ECHyGJ2","toto", 63, 'male', 'bisexual', NULL, -0.579717, 44.8377, '33800', 'FRANCE', 'bordeaux', 0, '2017-01-16 18:04:20', 1),
(459, 'lucy.legrand@example.com', 'heavymouse164', 'lucy', 'legrand', "$2y$10$RBQYMg6gls1Y562bMOyUFeX8KufShQLAKgIaheuqOu0Vg3ECHyGJ2","toto", 80, 'female', 'bisexual', NULL, 4.02751, 49.2646, '51100', 'FRANCE', 'reims', 0, '2017-01-16 18:04:20', 1),
(460, 'alix.louis@example.com', 'blackpeacock106', 'alix', 'louis', "$2y$10$RBQYMg6gls1Y562bMOyUFeX8KufShQLAKgIaheuqOu0Vg3ECHyGJ2","toto", 29, 'female', 'homosexual', NULL, 6.18271, 48.6924, '54100', 'FRANCE', 'nancy', 0, '2017-01-16 18:04:20', 1),
(461, 'maël.renaud@example.com', 'crazywolf660', 'maël', 'renaud', "$2y$10$RBQYMg6gls1Y562bMOyUFeX8KufShQLAKgIaheuqOu0Vg3ECHyGJ2","toto", 103, 'male', 'homosexual', NULL, 2.25217, 48.9231, '92700', 'FRANCE', 'colombes', 0, '2017-01-16 18:04:20', 1),
(462, 'marine.moreau@example.com', 'greenostrich715', 'marine', 'moreau', "$2y$10$RBQYMg6gls1Y562bMOyUFeX8KufShQLAKgIaheuqOu0Vg3ECHyGJ2","toto", 102, 'female', 'homosexual', NULL, 4.8399378, 45.7304251, '69007', 'FRANCE', 'lyon', 0, '2017-01-16 18:04:20', 1),
(463, 'luna.lefevre@example.com', 'orangewolf975', 'luna', 'lefevre', "$2y$10$RBQYMg6gls1Y562bMOyUFeX8KufShQLAKgIaheuqOu0Vg3ECHyGJ2","toto", 45, 'female', 'heterosexual', NULL, 3.05644, 50.6316, '59260', 'FRANCE', 'lille', 0, '2017-01-16 18:04:20', 1),
(464, 'rafael.leclerc@example.com', 'whitetiger535', 'rafael', 'leclerc', "$2y$10$RBQYMg6gls1Y562bMOyUFeX8KufShQLAKgIaheuqOu0Vg3ECHyGJ2","toto", 48, 'male', 'homosexual', NULL, 2.28509, 48.9108, '92600', 'FRANCE', 'asnières-sur-seine', 0, '2017-01-16 18:04:20', 1),
(465, 'laura.nicolas@example.com', 'bluewolf299', 'laura', 'nicolas', "$2y$10$RBQYMg6gls1Y562bMOyUFeX8KufShQLAKgIaheuqOu0Vg3ECHyGJ2","toto", 130, 'female', 'bisexual', NULL, -0.556585, 47.4721, '49100', 'FRANCE', 'angers', 0, '2017-01-16 18:04:20', 1),
(466, 'baptiste.jean@example.com', 'smallfish102', 'baptiste', 'jean', "$2y$10$RBQYMg6gls1Y562bMOyUFeX8KufShQLAKgIaheuqOu0Vg3ECHyGJ2","toto", 125, 'male', 'heterosexual', NULL, -1.55446, 47.2164, '44300', 'FRANCE', 'nantes', 0, '2017-01-16 18:04:20', 1),
(467, 'oscar.henry@example.com', 'crazycat903', 'oscar', 'henry', "$2y$10$RBQYMg6gls1Y562bMOyUFeX8KufShQLAKgIaheuqOu0Vg3ECHyGJ2","toto", 135, 'male', 'homosexual', NULL, 2.29639, 49.8915, '80080', 'FRANCE', 'amiens', 0, '2017-01-16 18:04:20', 1),
(468, 'julie.durand@example.com', 'bigmouse473', 'julie', 'durand', "$2y$10$RBQYMg6gls1Y562bMOyUFeX8KufShQLAKgIaheuqOu0Vg3ECHyGJ2","toto", 44, 'female', 'bisexual', NULL, -1.68163, 48.1138, '35700', 'FRANCE', 'rennes', 0, '2017-01-16 18:04:20', 1),
(469, 'lino.rodriguez@example.com', 'crazyleopard759', 'lino', 'rodriguez', "$2y$10$RBQYMg6gls1Y562bMOyUFeX8KufShQLAKgIaheuqOu0Vg3ECHyGJ2","toto", 29, 'male', 'homosexual', NULL, 0.195522, 48.0033, '72100', 'FRANCE', 'le mans', 0, '2017-01-16 18:04:20', 1),
(470, 'timeo.roussel@example.com', 'goldenfrog728', 'timeo', 'roussel', "$2y$10$RBQYMg6gls1Y562bMOyUFeX8KufShQLAKgIaheuqOu0Vg3ECHyGJ2","toto", 81, 'male', 'homosexual', NULL, 2.38197, 48.9104, '93300', 'FRANCE', 'aubervilliers', 0, '2017-01-16 18:04:20', 1),
(471, 'noe.lucas@example.com', 'goldenbutterfly166', 'noe', 'lucas', "$2y$10$RBQYMg6gls1Y562bMOyUFeX8KufShQLAKgIaheuqOu0Vg3ECHyGJ2","toto", 94, 'male', 'bisexual', NULL, 2.3176432, 48.8718722, '75008', 'FRANCE', 'paris', 0, '2017-01-16 18:04:20', 1),
(472, 'alexandra.barbier@example.com', 'heavypeacock523', 'alexandra', 'barbier', "$2y$10$RBQYMg6gls1Y562bMOyUFeX8KufShQLAKgIaheuqOu0Vg3ECHyGJ2","toto", 121, 'female', 'bisexual', NULL, 4.87866, 45.7658, '69100', 'FRANCE', 'villeurbanne', 0, '2017-01-16 18:04:20', 1),
(473, 'maëlys.bertrand@example.com', 'beautifulostrich940', 'maëlys', 'bertrand', "$2y$10$RBQYMg6gls1Y562bMOyUFeX8KufShQLAKgIaheuqOu0Vg3ECHyGJ2","toto", 112, 'female', 'homosexual', NULL, 4.389, 45.4333, '42000', 'FRANCE', 'saint-étienne', 0, '2017-01-16 18:04:20', 1),
(474, 'estéban.gaillard@example.com', 'purplesnake639', 'estéban', 'gaillard', "$2y$10$RBQYMg6gls1Y562bMOyUFeX8KufShQLAKgIaheuqOu0Vg3ECHyGJ2","toto", 134, 'male', 'heterosexual', NULL, -4.48781, 48.3897, '29200', 'FRANCE', 'brest', 0, '2017-01-16 18:04:20', 1),
(475, 'edgar.clement@example.com', 'silvercat645', 'edgar', 'clement', "$2y$10$RBQYMg6gls1Y562bMOyUFeX8KufShQLAKgIaheuqOu0Vg3ECHyGJ2","toto", 43, 'male', 'bisexual', NULL, 55.4659, -21.3068, '97410', 'FRANCE', 'saint-pierre', 0, '2017-01-16 18:04:20', 1),
(476, 'noam.leroux@example.com', 'crazyfrog626', 'noam', 'leroux', "$2y$10$RBQYMg6gls1Y562bMOyUFeX8KufShQLAKgIaheuqOu0Vg3ECHyGJ2","toto", 69, 'male', 'bisexual', NULL, 1.44102, 43.6043, '31400', 'FRANCE', 'toulouse', 0, '2017-01-16 18:04:20', 1),
(477, 'louna.chevalier@example.com', 'greenduck484', 'louna', 'chevalier', "$2y$10$RBQYMg6gls1Y562bMOyUFeX8KufShQLAKgIaheuqOu0Vg3ECHyGJ2","toto", 91, 'female', 'homosexual', NULL, 3.1794, 50.6889, '59100', 'FRANCE', 'roubaix', 0, '2017-01-16 18:04:20', 1),
(478, 'paul.pierre@example.com', 'orangegorilla824', 'paul', 'pierre', "$2y$10$RBQYMg6gls1Y562bMOyUFeX8KufShQLAKgIaheuqOu0Vg3ECHyGJ2","toto", 27, 'male', 'bisexual', NULL, 3.87552, 43.611, '34080', 'FRANCE', 'montpellier', 0, '2017-01-16 18:04:20', 1),
(479, 'elias.fabre@example.com', 'crazyfrog913', 'elias', 'fabre', "$2y$10$RBQYMg6gls1Y562bMOyUFeX8KufShQLAKgIaheuqOu0Vg3ECHyGJ2","toto", 79, 'male', 'heterosexual', NULL, 55.4659, -21.3068, '97410', 'FRANCE', 'saint-pierre', 0, '2017-01-16 18:04:20', 1),
(480, 'tiago.blanc@example.com', 'crazyfish635', 'tiago', 'blanc', "$2y$10$RBQYMg6gls1Y562bMOyUFeX8KufShQLAKgIaheuqOu0Vg3ECHyGJ2","toto", 40, 'male', 'bisexual', NULL, 3.1794, 50.6889, '59100', 'FRANCE', 'roubaix', 0, '2017-01-16 18:04:20', 1),
(481, 'alice.carpentier@example.com', 'greenlion215', 'alice', 'carpentier', "$2y$10$RBQYMg6gls1Y562bMOyUFeX8KufShQLAKgIaheuqOu0Vg3ECHyGJ2","toto", 46, 'female', 'homosexual', NULL, 1.44102, 43.6043, '31400', 'FRANCE', 'toulouse', 0, '2017-01-16 18:04:20', 1),
(482, 'lison.masson@example.com', 'reddog281', 'lison', 'masson', "$2y$10$RBQYMg6gls1Y562bMOyUFeX8KufShQLAKgIaheuqOu0Vg3ECHyGJ2","toto", 111, 'female', 'homosexual', NULL, 5.04174, 47.323, '21000', 'FRANCE', 'dijon', 0, '2017-01-16 18:04:20', 1),
(483, 'yanis.legrand@example.com', 'crazyfish137', 'yanis', 'legrand', "$2y$10$RBQYMg6gls1Y562bMOyUFeX8KufShQLAKgIaheuqOu0Vg3ECHyGJ2","toto", 81, 'male', 'bisexual', NULL, 2.49223, 48.9361, '93600', 'FRANCE', 'aulnay-sous-bois', 0, '2017-01-16 18:04:20', 1),
(484, 'clara.dufour@example.com', 'tinytiger154', 'clara', 'dufour', "$2y$10$RBQYMg6gls1Y562bMOyUFeX8KufShQLAKgIaheuqOu0Vg3ECHyGJ2","toto", 27, 'female', 'homosexual', NULL, 2.20354, 48.8905, '92000', 'FRANCE', 'nanterre', 0, '2017-01-16 18:04:20', 1),
(485, 'garance.perez@example.com', 'yellowswan361', 'garance', 'perez', "$2y$10$RBQYMg6gls1Y562bMOyUFeX8KufShQLAKgIaheuqOu0Vg3ECHyGJ2","toto", 100, 'female', 'bisexual', NULL, 1.76383, 50.4629, '62170', 'FRANCE', 'montreuil', 0, '2017-01-16 18:04:20', 1),
(486, 'marie.lemaire@example.com', 'whitecat414', 'marie', 'lemaire', "$2y$10$RBQYMg6gls1Y562bMOyUFeX8KufShQLAKgIaheuqOu0Vg3ECHyGJ2","toto", 64, 'female', 'homosexual', NULL, 2.20354, 48.8905, '92000', 'FRANCE', 'nanterre', 0, '2017-01-16 18:04:20', 1),
(487, 'lyam.petit@example.com', 'redmouse356', 'lyam', 'petit', "$2y$10$RBQYMg6gls1Y562bMOyUFeX8KufShQLAKgIaheuqOu0Vg3ECHyGJ2","toto", 120, 'male', 'homosexual', NULL, 2.51518, 48.8166, '94500', 'FRANCE', 'champigny-sur-marne', 0, '2017-01-16 18:04:20', 1),
(488, 'sophia.dubois@example.com', 'silverpeacock874', 'sophia', 'dubois', "$2y$10$RBQYMg6gls1Y562bMOyUFeX8KufShQLAKgIaheuqOu0Vg3ECHyGJ2","toto", 99, 'female', 'heterosexual', NULL, 3.1794, 50.6889, '59100', 'FRANCE', 'roubaix', 0, '2017-01-16 18:04:20', 1),
(489, 'elio.boyer@example.com', 'redbutterfly631', 'elio', 'boyer', "$2y$10$RBQYMg6gls1Y562bMOyUFeX8KufShQLAKgIaheuqOu0Vg3ECHyGJ2","toto", 120, 'male', 'homosexual', NULL, 0.107396, 49.4933, '76600', 'FRANCE', 'le havre', 0, '2017-01-16 18:04:20', 1),
(490, 'livia.aubert@example.com', 'goldenpanda460', 'livia', 'aubert', "$2y$10$RBQYMg6gls1Y562bMOyUFeX8KufShQLAKgIaheuqOu0Vg3ECHyGJ2","toto", 134, 'female', 'heterosexual', NULL, -0.37085, 43.3002, '64000', 'FRANCE', 'pau', 0, '2017-01-16 18:04:20', 1),
(491, 'garance.leclercq@example.com', 'bigcat526', 'garance', 'leclercq', "$2y$10$RBQYMg6gls1Y562bMOyUFeX8KufShQLAKgIaheuqOu0Vg3ECHyGJ2","toto", 32, 'female', 'homosexual', NULL, 2.18738, 48.8778, '92500', 'FRANCE', 'rueil-malmaison', 0, '2017-01-16 18:04:20', 1),
(492, 'bérénice.jean@example.com', 'heavygoose923', 'bérénice', 'jean', "$2y$10$RBQYMg6gls1Y562bMOyUFeX8KufShQLAKgIaheuqOu0Vg3ECHyGJ2","toto", 90, 'female', 'heterosexual', NULL, -0.579717, 44.8377, '33800', 'FRANCE', 'bordeaux', 0, '2017-01-16 18:04:20', 1),
(493, 'valentina.barbier@example.com', 'blackfish812', 'valentina', 'barbier', "$2y$10$RBQYMg6gls1Y562bMOyUFeX8KufShQLAKgIaheuqOu0Vg3ECHyGJ2","toto", 74, 'female', 'heterosexual', NULL, 1.26077, 45.8338, '87000', 'FRANCE', 'limoges', 0, '2017-01-16 18:04:20', 1),
(494, 'loris.brun@example.com', 'redfrog936', 'loris', 'brun', "$2y$10$RBQYMg6gls1Y562bMOyUFeX8KufShQLAKgIaheuqOu0Vg3ECHyGJ2","toto", 94, 'male', 'homosexual', NULL, 6.17603, 49.1191, '57050', 'FRANCE', 'metz', 0, '2017-01-16 18:04:20', 1),
(495, 'ava.lambert2@example.com', 'yellowgorilla911', 'ava', 'lambert', "$2y$10$RBQYMg6gls1Y562bMOyUFeX8KufShQLAKgIaheuqOu0Vg3ECHyGJ2","toto", 34, 'female', 'bisexual', NULL, 3.15973, 50.7221, '59200', 'FRANCE', 'tourcoing', 0, '2017-01-16 18:04:20', 1),
(496, 'alizee.brunet@example.com', 'orangemouse241', 'alizee', 'brunet', "$2y$10$RBQYMg6gls1Y562bMOyUFeX8KufShQLAKgIaheuqOu0Vg3ECHyGJ2","toto", 104, 'female', 'heterosexual', NULL, 2.29639, 49.8915, '80080', 'FRANCE', 'amiens', 0, '2017-01-16 18:04:20', 1),
(497, 'alban.fournier@example.com', 'beautifulmeercat891', 'alban', 'fournier', "$2y$10$RBQYMg6gls1Y562bMOyUFeX8KufShQLAKgIaheuqOu0Vg3ECHyGJ2","toto", 134, 'male', 'heterosexual', NULL, 3.08623, 45.7796, '63100', 'FRANCE', 'clermont-ferrand', 0, '2017-01-16 18:04:20', 1),
(498, 'mathilde.brunet@example.com', 'redswan432', 'mathilde', 'brunet', "$2y$10$RBQYMg6gls1Y562bMOyUFeX8KufShQLAKgIaheuqOu0Vg3ECHyGJ2","toto", 48, 'female', 'homosexual', NULL, 2.13405, 48.8045, '78000', 'FRANCE', 'versailles', 0, '2017-01-16 18:04:20', 1),
(499, 'romain.roux@example.com', 'brownpanda251', 'romain', 'roux', "$2y$10$RBQYMg6gls1Y562bMOyUFeX8KufShQLAKgIaheuqOu0Vg3ECHyGJ2","toto", 60, 'male', 'heterosexual', NULL, 3.15973, 50.7221, '59200', 'FRANCE', 'tourcoing', 0, '2017-01-16 18:04:20', 1),
(500, 'aurore.dumont@example.com', 'purpleelephant934', 'aurore', 'dumont', "$2y$10$RBQYMg6gls1Y562bMOyUFeX8KufShQLAKgIaheuqOu0Vg3ECHyGJ2","toto", 96, 'female', 'homosexual', NULL, 3.08623, 45.7796, '63100', 'FRANCE', 'clermont-ferrand', 0, '2017-01-16 18:04:20', 1);

-- --------------------------------------------------------

--
-- Structure de la table `user_has_tag`
--

INSERT INTO `user_has_tag` (`user_id`, `tag_id`) VALUES
(2, 28),
(4, 38),
(5, 18),
(5, 20),
(6, 31),
(8, 17),
(9, 8),
(9, 10),
(10, 14),
(11, 10),
(11, 30),
(12, 22),
(13, 23),
(13, 35),
(16, 15),
(17, 12),
(19, 30),
(21, 23),
(21, 29),
(22, 17),
(23, 25),
(24, 20),
(25, 33),
(27, 27),
(27, 29),
(30, 39),
(31, 21),
(32, 37),
(33, 22),
(34, 14),
(34, 27),
(34, 38),
(35, 6),
(35, 8),
(36, 10),
(37, 10),
(37, 38),
(38, 11),
(40, 25),
(40, 39),
(41, 38),
(42, 10),
(42, 35),
(43, 33),
(44, 34),
(44, 37),
(48, 4),
(50, 11),
(50, 25),
(51, 30),
(53, 10),
(53, 13),
(53, 37),
(54, 10),
(56, 9),
(56, 15),
(56, 35),
(58, 17),
(60, 7),
(60, 35),
(61, 36),
(63, 4),
(66, 15),
(66, 34),
(68, 22),
(68, 40),
(70, 12),
(70, 20),
(72, 9),
(72, 32),
(73, 16),
(73, 17),
(74, 10),
(75, 10),
(76, 12),
(77, 25),
(78, 36),
(81, 27),
(82, 23),
(84, 40),
(85, 39),
(86, 4),
(86, 6),
(86, 9),
(86, 37),
(87, 24),
(91, 1),
(91, 35),
(92, 19),
(93, 23),
(94, 13),
(95, 20),
(96, 1),
(97, 12),
(98, 30),
(99, 10),
(99, 12),
(100, 6),
(100, 15),
(100, 20),
(101, 2),
(103, 4),
(105, 9),
(105, 13),
(105, 38),
(107, 10),
(107, 39),
(108, 2),
(108, 28),
(108, 35),
(109, 17),
(109, 38),
(110, 5),
(110, 22),
(111, 31),
(112, 3),
(112, 30),
(112, 40),
(113, 40),
(114, 13),
(116, 8),
(117, 31),
(117, 34),
(118, 9),
(119, 13),
(122, 19),
(123, 17),
(123, 22),
(124, 31),
(127, 9),
(127, 17),
(130, 38),
(135, 26),
(136, 7),
(136, 10),
(136, 34),
(137, 10),
(140, 31),
(140, 38),
(141, 2),
(141, 18),
(143, 7),
(144, 14),
(149, 16),
(149, 38),
(150, 15),
(151, 23),
(152, 4),
(153, 5),
(153, 22),
(156, 16),
(158, 30),
(159, 8),
(159, 16),
(159, 31),
(160, 10),
(160, 11),
(162, 7),
(164, 10),
(164, 33),
(165, 17),
(165, 27),
(166, 40),
(167, 29),
(169, 37),
(170, 11),
(170, 13),
(172, 7),
(174, 11),
(174, 28),
(175, 6),
(175, 12),
(175, 39),
(177, 22),
(178, 17),
(178, 30),
(179, 32),
(180, 13),
(182, 20),
(186, 13),
(186, 16),
(186, 20),
(186, 37),
(186, 38),
(189, 29),
(190, 21),
(191, 38),
(192, 4),
(192, 28),
(193, 23),
(195, 17),
(196, 23),
(196, 37),
(198, 3),
(199, 19),
(200, 16),
(200, 39),
(201, 25),
(202, 8),
(202, 26),
(204, 37),
(205, 2),
(205, 9),
(205, 11),
(206, 34),
(208, 28),
(208, 37),
(211, 29),
(213, 4),
(213, 8),
(213, 19),
(213, 38),
(214, 39),
(215, 6),
(215, 9),
(216, 17),
(216, 29),
(220, 6),
(221, 2),
(221, 26),
(222, 33),
(223, 7),
(223, 22),
(227, 15),
(227, 24),
(232, 9),
(232, 22),
(233, 18),
(235, 2),
(235, 31),
(236, 18),
(236, 32),
(237, 9),
(237, 21),
(239, 30),
(240, 36),
(241, 6),
(241, 21),
(241, 31),
(243, 28),
(245, 19),
(247, 1),
(248, 4),
(250, 18),
(253, 27),
(256, 18),
(256, 30),
(256, 35),
(258, 26),
(263, 25),
(264, 18),
(264, 29),
(264, 37),
(264, 39),
(265, 16),
(267, 30),
(268, 13),
(268, 26),
(268, 36),
(269, 18),
(271, 33),
(272, 27),
(272, 28),
(274, 5),
(274, 38),
(275, 16),
(276, 14),
(277, 20),
(278, 6),
(279, 10),
(279, 33),
(281, 3),
(283, 17),
(283, 21),
(284, 18),
(284, 40),
(285, 11),
(285, 38),
(286, 23),
(288, 36),
(289, 32),
(290, 2),
(291, 8),
(291, 12),
(292, 6),
(293, 30),
(293, 35),
(294, 23),
(295, 3),
(295, 25),
(296, 19),
(296, 39),
(297, 6),
(297, 16),
(298, 30),
(300, 1),
(301, 32),
(301, 34),
(302, 31),
(303, 4),
(303, 9),
(303, 12),
(303, 21),
(306, 1),
(306, 2),
(306, 3),
(306, 4),
(306, 5),
(306, 6),
(306, 7),
(306, 8),
(306, 9),
(306, 10),
(306, 21),
(306, 34),
(307, 8),
(309, 38),
(310, 38),
(311, 26),
(313, 2),
(313, 23),
(313, 40),
(314, 15),
(317, 24),
(318, 2),
(319, 11),
(320, 35),
(320, 37),
(321, 38),
(323, 32),
(324, 40),
(325, 30),
(326, 17),
(326, 34),
(327, 22),
(329, 8),
(329, 20),
(330, 2),
(333, 35),
(335, 4),
(335, 9),
(336, 12),
(337, 9),
(337, 10),
(337, 19),
(338, 33),
(340, 7),
(343, 10),
(344, 32),
(345, 29),
(346, 35),
(348, 2),
(348, 29),
(349, 1),
(351, 28),
(351, 35),
(353, 4),
(353, 12),
(354, 39),
(355, 25),
(355, 39),
(356, 10),
(356, 12),
(357, 6),
(359, 1),
(359, 18),
(359, 21),
(362, 7),
(363, 6),
(363, 20),
(364, 3),
(364, 30),
(365, 28),
(366, 16),
(366, 29),
(367, 19),
(368, 38),
(369, 27),
(369, 40),
(370, 5),
(371, 15),
(373, 17),
(376, 11),
(376, 13),
(377, 28),
(377, 40),
(379, 4),
(380, 19),
(382, 36),
(383, 8),
(383, 35),
(386, 36),
(389, 16),
(389, 28),
(390, 13),
(392, 25),
(392, 35),
(394, 27),
(395, 27),
(397, 16),
(397, 20),
(400, 14),
(400, 20),
(401, 33),
(403, 19),
(405, 18),
(405, 30),
(405, 35),
(406, 30),
(407, 19),
(407, 27),
(407, 38),
(412, 10),
(412, 26),
(412, 32),
(413, 20),
(413, 35),
(413, 37),
(414, 32),
(415, 1),
(416, 10),
(416, 24),
(417, 16),
(417, 33),
(419, 17),
(419, 22),
(420, 31),
(422, 35),
(423, 6),
(424, 38),
(426, 5),
(426, 7),
(428, 30),
(429, 19),
(430, 10),
(430, 24),
(431, 39),
(431, 40),
(432, 11),
(433, 12),
(433, 31),
(433, 34),
(434, 35),
(435, 8),
(436, 20),
(437, 5),
(437, 9),
(437, 11),
(437, 16),
(437, 19),
(441, 8),
(441, 29),
(442, 26),
(447, 37),
(449, 14),
(449, 20),
(450, 14),
(450, 15),
(450, 23),
(451, 19),
(452, 16),
(454, 6),
(456, 8),
(459, 10),
(459, 22),
(460, 30),
(460, 31),
(461, 29),
(462, 9),
(463, 12),
(464, 17),
(466, 28),
(466, 33),
(467, 2),
(469, 4),
(469, 29),
(469, 38),
(470, 13),
(471, 25),
(472, 9),
(473, 9),
(474, 15),
(474, 28),
(476, 12),
(476, 15),
(477, 33),
(479, 24),
(481, 24),
(483, 36),
(484, 39),
(485, 8),
(486, 19),
(488, 12),
(489, 22),
(491, 19),
(491, 26),
(491, 27),
(493, 12),
(493, 32),
(495, 25),
(496, 27),
(500, 26),
(501, 3),
(501, 4),
(501, 8),
(501, 13),
(501, 16),
(501, 21),
(501, 25),
(501, 26),
(501, 30),
(501, 35),
(501, 38),
(502, 5),
(502, 43);

-- --------------------------------------------------------

/*!40101 SET CHARACTER_SET_CLIENT=@OLD_CHARACTER_SET_CLIENT */;
/*!40101 SET CHARACTER_SET_RESULTS=@OLD_CHARACTER_SET_RESULTS */;
/*!40101 SET COLLATION_CONNECTION=@OLD_COLLATION_CONNECTION */;
